"AnchorUrl","ApplicationPermissions","OperationPermissions","ResourceType","OriginalName","FriendlyName","PrefixedName","LastUpdated"
"https://learn.microsoft.com/en-us/graph/utcm-intune-resources#accountprotectionlocalusergroupmembershippolicy-resource-type","DeviceManagementConfiguration.Read.All, DeviceManagementConfiguration.ReadWrite.All, Group.Read.All","Read: Group.Read.All, DeviceManagementConfiguration.Read.All | Update: Group.Read.All, DeviceManagementConfiguration.ReadWrite.All","intune","accountProtectionLocalUserGroupMembershipPolicy","Account Protection Local User Group Membership Policy","microsoft.intune.accountProtectionLocalUserGroupMembershipPolicy","2026-02-07T17:42:58Z"
"https://learn.microsoft.com/en-us/graph/utcm-intune-resources#accountprotectionpolicy-resource-type","DeviceManagementConfiguration.Read.All, DeviceManagementConfiguration.ReadWrite.All, Group.Read.All","Read: Group.Read.All, DeviceManagementConfiguration.Read.All | Update: DeviceManagementConfiguration.ReadWrite.All","intune","accountProtectionPolicy","Account Protection Policy","microsoft.intune.accountProtectionPolicy","2026-02-07T17:42:58Z"
"https://learn.microsoft.com/en-us/graph/utcm-intune-resources#antiviruspolicywindows10settingcatalog-resource-type","DeviceManagementConfiguration.Read.All, DeviceManagementConfiguration.ReadWrite.All, Group.Read.All","Read: Group.Read.All, DeviceManagementConfiguration.Read.All | Update: Group.Read.All, DeviceManagementConfiguration.ReadWrite.All","intune","antivirusPolicyWindows10SettingCatalog","Antivirus Policy Windows 10 Setting Catalog","microsoft.intune.antivirusPolicyWindows10SettingCatalog","2026-02-07T17:42:58Z"
"https://learn.microsoft.com/en-us/graph/utcm-intune-resources#appconfigurationpolicy-resource-type","DeviceManagementApps.Read.All, DeviceManagementApps.ReadWrite.All, Group.Read.All","Read: Group.Read.All, DeviceManagementApps.Read.All | Update: Group.Read.All, DeviceManagementApps.ReadWrite.All","intune","appConfigurationPolicy","App Configuration Policy","microsoft.intune.appConfigurationPolicy","2026-02-07T17:42:58Z"
"https://learn.microsoft.com/en-us/graph/utcm-intune-resources#applicationcontrolpolicywindows10-resource-type","DeviceManagementConfiguration.Read.All, DeviceManagementConfiguration.ReadWrite.All, Group.Read.All","Read: Group.Read.All, DeviceManagementConfiguration.Read.All | Update: Group.Read.All, DeviceManagementConfiguration.ReadWrite.All","intune","applicationControlPolicyWindows10","Application Control Policy Windows 10","microsoft.intune.applicationControlPolicyWindows10","2026-02-07T17:42:58Z"
"https://learn.microsoft.com/en-us/graph/utcm-intune-resources#appprotectionpolicyandroid-resource-type","DeviceManagementApps.Read.All, DeviceManagementApps.ReadWrite.All, Group.Read.All","Read: Group.Read.All, DeviceManagementApps.Read.All | Update: Group.Read.All, DeviceManagementApps.ReadWrite.All","intune","appProtectionPolicyAndroid","App Protection Policy Android","microsoft.intune.appProtectionPolicyAndroid","2026-02-07T17:42:58Z"
"https://learn.microsoft.com/en-us/graph/utcm-intune-resources#appprotectionpolicyios-resource-type","DeviceManagementApps.Read.All, DeviceManagementApps.ReadWrite.All, Group.Read.All","Read: Group.Read.All, DeviceManagementApps.Read.All | Update: Group.Read.All, DeviceManagementApps.ReadWrite.All","intune","appProtectionPolicyiOS","App Protection Policy iOS","microsoft.intune.appProtectionPolicyiOS","2026-02-07T17:42:58Z"
"https://learn.microsoft.com/en-us/graph/utcm-intune-resources#attacksurfacereductionrulespolicywindows10configmanager-resource-type","DeviceManagementConfiguration.Read.All, DeviceManagementConfiguration.ReadWrite.All, Group.Read.All","Read: Group.Read.All, DeviceManagementConfiguration.Read.All | Update: Group.Read.All, DeviceManagementConfiguration.ReadWrite.All","intune","attackSurfaceReductionRulesPolicyWindows10ConfigManager","Attack Surface Reduction Rules Policy Windows 10 Config Manager","microsoft.intune.attackSurfaceReductionRulesPolicyWindows10ConfigManager","2026-02-07T17:42:58Z"
"https://learn.microsoft.com/en-us/graph/utcm-intune-resources#deviceandappmanagementassignmentfilter-resource-type","DeviceManagementConfiguration.Read.All, DeviceManagementConfiguration.ReadWrite.All","Read: DeviceManagementConfiguration.Read.All | Update: DeviceManagementConfiguration.ReadWrite.All","intune","deviceAndAppManagementAssignmentFilter","Device And App Management Assignment Filter","microsoft.intune.deviceAndAppManagementAssignmentFilter","2026-02-07T17:42:58Z"
"https://learn.microsoft.com/en-us/graph/utcm-intune-resources#devicecategory-resource-type","DeviceManagementManagedDevices.Read.All, DeviceManagementManagedDevices.ReadWrite.All","Read: DeviceManagementManagedDevices.Read.All | Update: DeviceManagementManagedDevices.ReadWrite.All","intune","deviceCategory","Device Category","microsoft.intune.deviceCategory","2026-02-07T17:42:58Z"
"https://learn.microsoft.com/en-us/graph/utcm-intune-resources#devicecleanuprule-resource-type","DeviceManagementManagedDevices.Read.All, DeviceManagementManagedDevices.ReadWrite.All","Read: DeviceManagementManagedDevices.Read.All | Update: DeviceManagementManagedDevices.ReadWrite.All","intune","deviceCleanupRule","Device Cleanup Rule","microsoft.intune.deviceCleanupRule","2026-02-07T17:42:58Z"
"https://learn.microsoft.com/en-us/graph/utcm-intune-resources#devicecompliancepolicyandroid-resource-type","DeviceManagementConfiguration.Read.All, DeviceManagementConfiguration.ReadWrite.All, Group.Read.All","Read: Group.Read.All, DeviceManagementConfiguration.Read.All | Update: DeviceManagementConfiguration.ReadWrite.All","intune","deviceCompliancePolicyAndroid","Device Compliance Policy Android","microsoft.intune.deviceCompliancePolicyAndroid","2026-02-07T17:42:58Z"
"https://learn.microsoft.com/en-us/graph/utcm-intune-resources#devicecompliancepolicyandroiddeviceowner-resource-type","DeviceManagementConfiguration.Read.All, DeviceManagementConfiguration.ReadWrite.All, Group.Read.All","Read: Group.Read.All, DeviceManagementConfiguration.Read.All | Update: Group.Read.All, DeviceManagementConfiguration.ReadWrite.All","intune","deviceCompliancePolicyAndroidDeviceOwner","Device Compliance Policy Android Device Owner","microsoft.intune.deviceCompliancePolicyAndroidDeviceOwner","2026-02-07T17:42:58Z"
"https://learn.microsoft.com/en-us/graph/utcm-intune-resources#devicecompliancepolicyandroidworkprofile-resource-type","DeviceManagementConfiguration.Read.All, DeviceManagementConfiguration.ReadWrite.All, Group.Read.All","Read: Group.Read.All, DeviceManagementConfiguration.Read.All | Update: Group.Read.All, DeviceManagementConfiguration.ReadWrite.All","intune","deviceCompliancePolicyAndroidWorkProfile","Device Compliance Policy Android Work Profile","microsoft.intune.deviceCompliancePolicyAndroidWorkProfile","2026-02-07T17:42:58Z"
"https://learn.microsoft.com/en-us/graph/utcm-intune-resources#devicecompliancepolicyios-resource-type","DeviceManagementConfiguration.Read.All, DeviceManagementConfiguration.ReadWrite.All, Group.Read.All","Read: Group.Read.All, DeviceManagementConfiguration.Read.All | Update: Group.Read.All, DeviceManagementConfiguration.ReadWrite.All","intune","deviceCompliancePolicyiOS","Device Compliance Policy iOS","microsoft.intune.deviceCompliancePolicyiOS","2026-02-07T17:42:58Z"
"https://learn.microsoft.com/en-us/graph/utcm-intune-resources#devicecompliancepolicymacos-resource-type","DeviceManagementConfiguration.Read.All, DeviceManagementConfiguration.ReadWrite.All, Group.Read.All","Read: Group.Read.All, DeviceManagementConfiguration.Read.All | Update: Group.Read.All, DeviceManagementConfiguration.ReadWrite.All","intune","deviceCompliancePolicymacOS","Device Compliance Policy macOS","microsoft.intune.deviceCompliancePolicymacOS","2026-02-07T17:42:58Z"
"https://learn.microsoft.com/en-us/graph/utcm-intune-resources#devicecompliancepolicywindows10-resource-type","DeviceManagementConfiguration.Read.All, DeviceManagementConfiguration.ReadWrite.All, DeviceManagementScripts.Read.All, Group.Read.All","Read: Group.Read.All, DeviceManagementConfiguration.Read.All, DeviceManagementScripts.Read.All | Update: Group.Read.All, DeviceManagementConfiguration.ReadWrite.All","intune","deviceCompliancePolicyWindows10","Device Compliance Policy Windows 10","microsoft.intune.deviceCompliancePolicyWindows10","2026-02-07T17:42:58Z"
"https://learn.microsoft.com/en-us/graph/utcm-intune-resources#deviceconfigurationadministrativetemplatepolicywindows10-resource-type","DeviceManagementConfiguration.Read.All, DeviceManagementConfiguration.ReadWrite.All, Group.Read.All","Read: Group.Read.All, DeviceManagementConfiguration.Read.All | Update: Group.Read.All, DeviceManagementConfiguration.ReadWrite.All","intune","deviceConfigurationAdministrativeTemplatePolicyWindows10","Device Configuration Administrative Template Policy Windows 10","microsoft.intune.deviceConfigurationAdministrativeTemplatePolicyWindows10","2026-02-07T17:42:58Z"
"https://learn.microsoft.com/en-us/graph/utcm-intune-resources#deviceconfigurationcustompolicywindows10-resource-type","DeviceManagementConfiguration.ReadWrite.All, Group.Read.All","Read: Group.Read.All, DeviceManagementConfiguration.ReadWrite.All | Update: Group.Read.All, DeviceManagementConfiguration.ReadWrite.All","intune","deviceConfigurationCustomPolicyWindows10","Device Configuration Custom Policy Windows 10","microsoft.intune.deviceConfigurationCustomPolicyWindows10","2026-02-07T17:42:58Z"
"https://learn.microsoft.com/en-us/graph/utcm-intune-resources#deviceconfigurationdefenderforendpointonboardingpolicywindows10-resource-type","DeviceManagementConfiguration.Read.All, DeviceManagementConfiguration.ReadWrite.All, Group.Read.All","Read: Group.Read.All, DeviceManagementConfiguration.Read.All | Update: Group.Read.All, DeviceManagementConfiguration.ReadWrite.All","intune","deviceConfigurationDefenderForEndpointOnboardingPolicyWindows10","Device Configuration Defender For Endpoint Onboarding Policy Windows 10","microsoft.intune.deviceConfigurationDefenderForEndpointOnboardingPolicyWindows10","2026-02-07T17:42:58Z"
"https://learn.microsoft.com/en-us/graph/utcm-intune-resources#deviceconfigurationdeliveryoptimizationpolicywindows10-resource-type","DeviceManagementConfiguration.Read.All, DeviceManagementConfiguration.ReadWrite.All, Group.Read.All","Read: Group.Read.All, DeviceManagementConfiguration.Read.All | Update: Group.Read.All, DeviceManagementConfiguration.ReadWrite.All","intune","deviceConfigurationDeliveryOptimizationPolicyWindows10","Device Configuration Delivery Optimization Policy Windows 10","microsoft.intune.deviceConfigurationDeliveryOptimizationPolicyWindows10","2026-02-07T17:42:58Z"
"https://learn.microsoft.com/en-us/graph/utcm-intune-resources#deviceconfigurationdomainjoinpolicywindows10-resource-type","DeviceManagementConfiguration.Read.All, DeviceManagementConfiguration.ReadWrite.All, Group.Read.All","Read: Group.Read.All, DeviceManagementConfiguration.Read.All | Update: Group.Read.All, DeviceManagementConfiguration.ReadWrite.All","intune","deviceConfigurationDomainJoinPolicyWindows10","Device Configuration Domain Join Policy Windows 10","microsoft.intune.deviceConfigurationDomainJoinPolicyWindows10","2026-02-07T17:42:58Z"
"https://learn.microsoft.com/en-us/graph/utcm-intune-resources#deviceconfigurationemailprofilepolicywindows10-resource-type","DeviceManagementConfiguration.Read.All, DeviceManagementConfiguration.ReadWrite.All, Group.Read.All","Read: Group.Read.All, DeviceManagementConfiguration.Read.All | Update: Group.Read.All, DeviceManagementConfiguration.ReadWrite.All","intune","deviceConfigurationEmailProfilePolicyWindows10","Device Configuration Email Profile Policy Windows 10","microsoft.intune.deviceConfigurationEmailProfilePolicyWindows10","2026-02-07T17:42:58Z"
"https://learn.microsoft.com/en-us/graph/utcm-intune-resources#deviceconfigurationendpointprotectionpolicywindows10-resource-type","","","intune","deviceConfigurationEndpointProtectionPolicyWindows10","Device Configuration Endpoint Protection Policy Windows 10","microsoft.intune.deviceConfigurationEndpointProtectionPolicyWindows10","2026-02-07T17:42:58Z"
"https://learn.microsoft.com/en-us/graph/utcm-intune-resources#deviceconfigurationfirmwareinterfacepolicywindows10-resource-type","DeviceManagementConfiguration.Read.All, DeviceManagementConfiguration.ReadWrite.All, Group.Read.All","Read: Group.Read.All, DeviceManagementConfiguration.Read.All | Update: Group.Read.All, DeviceManagementConfiguration.ReadWrite.All","intune","deviceConfigurationFirmwareInterfacePolicyWindows10","Device Configuration Firmware Interface Policy Windows 10","microsoft.intune.deviceConfigurationFirmwareInterfacePolicyWindows10","2026-02-07T17:42:58Z"
"https://learn.microsoft.com/en-us/graph/utcm-intune-resources#deviceconfigurationhealthmonitoringconfigurationpolicywindows10-resource-type","DeviceManagementConfiguration.Read.All, DeviceManagementConfiguration.ReadWrite.All, Group.Read.All","Read: Group.Read.All, DeviceManagementConfiguration.Read.All | Update: Group.Read.All, DeviceManagementConfiguration.ReadWrite.All","intune","deviceConfigurationHealthMonitoringConfigurationPolicyWindows10","Device Configuration Health Monitoring Configuration Policy Windows 10","microsoft.intune.deviceConfigurationHealthMonitoringConfigurationPolicyWindows10","2026-02-07T17:42:58Z"
"https://learn.microsoft.com/en-us/graph/utcm-intune-resources#deviceconfigurationidentityprotectionpolicywindows10-resource-type","DeviceManagementConfiguration.Read.All, DeviceManagementConfiguration.ReadWrite.All, Group.Read.All","Read: Group.Read.All, DeviceManagementConfiguration.Read.All | Update: Group.Read.All, DeviceManagementConfiguration.ReadWrite.All","intune","deviceConfigurationIdentityProtectionPolicyWindows10","Device Configuration Identity Protection Policy Windows 10","microsoft.intune.deviceConfigurationIdentityProtectionPolicyWindows10","2026-02-07T17:42:58Z"
"https://learn.microsoft.com/en-us/graph/utcm-intune-resources#deviceconfigurationimportedpfxcertificatepolicywindows10-resource-type","DeviceManagementConfiguration.Read.All, DeviceManagementConfiguration.ReadWrite.All, Group.Read.All","Read: Group.Read.All, DeviceManagementConfiguration.Read.All | Update: Group.Read.All, DeviceManagementConfiguration.ReadWrite.All","intune","deviceConfigurationImportedPfxCertificatePolicyWindows10","Device Configuration Imported PFX Certificate Policy Windows 10","microsoft.intune.deviceConfigurationImportedPfxCertificatePolicyWindows10","2026-02-07T17:42:58Z"
"https://learn.microsoft.com/en-us/graph/utcm-intune-resources#deviceconfigurationkioskpolicywindows10-resource-type","DeviceManagementConfiguration.Read.All, DeviceManagementConfiguration.ReadWrite.All, Group.Read.All","Read: Group.Read.All, DeviceManagementConfiguration.Read.All | Update: Group.Read.All, DeviceManagementConfiguration.ReadWrite.All","intune","deviceConfigurationKioskPolicyWindows10","Device Configuration Kiosk Policy Windows 10","microsoft.intune.deviceConfigurationKioskPolicyWindows10","2026-02-07T17:42:58Z"
"https://learn.microsoft.com/en-us/graph/utcm-intune-resources#deviceconfigurationnetworkboundarypolicywindows10-resource-type","DeviceManagementConfiguration.Read.All, DeviceManagementConfiguration.ReadWrite.All, Group.Read.All","Read: Group.Read.All, DeviceManagementConfiguration.Read.All | Update: Group.Read.All, DeviceManagementConfiguration.ReadWrite.All","intune","deviceConfigurationNetworkBoundaryPolicyWindows10","Device Configuration Network Boundary Policy Windows 10","microsoft.intune.deviceConfigurationNetworkBoundaryPolicyWindows10","2026-02-07T17:42:58Z"
"https://learn.microsoft.com/en-us/graph/utcm-intune-resources#deviceconfigurationpkcscertificatepolicywindows10-resource-type","DeviceManagementConfiguration.Read.All, DeviceManagementConfiguration.ReadWrite.All, Group.Read.All","Read: Group.Read.All, DeviceManagementConfiguration.Read.All | Update: Group.Read.All, DeviceManagementConfiguration.ReadWrite.All","intune","deviceConfigurationPkcsCertificatePolicyWindows10","Device Configuration PKCS Certificate Policy Windows 10","microsoft.intune.deviceConfigurationPkcsCertificatePolicyWindows10","2026-02-07T17:42:58Z"
"https://learn.microsoft.com/en-us/graph/utcm-intune-resources#deviceconfigurationpolicyandroiddeviceadministrator-resource-type","DeviceManagementConfiguration.Read.All, DeviceManagementConfiguration.ReadWrite.All","Read: DeviceManagementConfiguration.Read.All | Update: DeviceManagementConfiguration.ReadWrite.All","intune","deviceConfigurationPolicyAndroidDeviceAdministrator","Device Configuration Policy Android Device Administrator","microsoft.intune.deviceConfigurationPolicyAndroidDeviceAdministrator","2026-02-07T17:42:58Z"
"https://learn.microsoft.com/en-us/graph/utcm-intune-resources#deviceconfigurationpolicyandroiddeviceowner-resource-type","","","intune","deviceConfigurationPolicyAndroidDeviceOwner","Device Configuration Policy Android Device Owner","microsoft.intune.deviceConfigurationPolicyAndroidDeviceOwner","2026-02-07T17:42:58Z"
"https://learn.microsoft.com/en-us/graph/utcm-intune-resources#deviceconfigurationpolicyandroidopensourceproject-resource-type","DeviceManagementConfiguration.Read.All, DeviceManagementConfiguration.ReadWrite.All, Group.Read.All","Read: Group.Read.All, DeviceManagementConfiguration.Read.All | Update: Group.Read.All, DeviceManagementConfiguration.ReadWrite.All","intune","deviceConfigurationPolicyAndroidOpenSourceProject","Device Configuration Policy Android Open Source Project","microsoft.intune.deviceConfigurationPolicyAndroidOpenSourceProject","2026-02-07T17:42:58Z"
"https://learn.microsoft.com/en-us/graph/utcm-intune-resources#deviceconfigurationpolicyandroidworkprofile-resource-type","DeviceManagementConfiguration.Read.All, DeviceManagementConfiguration.ReadWrite.All, Group.Read.All","Read: Group.Read.All, DeviceManagementConfiguration.Read.All | Update: Group.Read.All, DeviceManagementConfiguration.ReadWrite.All","intune","deviceConfigurationPolicyAndroidWorkProfile","Device Configuration Policy Android Work Profile","microsoft.intune.deviceConfigurationPolicyAndroidWorkProfile","2026-02-07T17:42:58Z"
"https://learn.microsoft.com/en-us/graph/utcm-intune-resources#deviceconfigurationpolicyios-resource-type","","","intune","deviceConfigurationPolicyiOS","Device Configuration Policy iOS","microsoft.intune.deviceConfigurationPolicyiOS","2026-02-07T17:42:58Z"
"https://learn.microsoft.com/en-us/graph/utcm-intune-resources#deviceconfigurationpolicymacos-resource-type","DeviceManagementConfiguration.Read.All, DeviceManagementConfiguration.ReadWrite.All, Group.Read.All","Read: Group.Read.All, DeviceManagementConfiguration.Read.All | Update: Group.Read.All, DeviceManagementConfiguration.ReadWrite.All","intune","deviceConfigurationPolicymacOS","Device Configuration Policy macOS","microsoft.intune.deviceConfigurationPolicymacOS","2026-02-07T17:42:58Z"
"https://learn.microsoft.com/en-us/graph/utcm-intune-resources#deviceconfigurationpolicywindows10-resource-type","","","intune","deviceConfigurationPolicyWindows10","Device Configuration Policy Windows 10","microsoft.intune.deviceConfigurationPolicyWindows10","2026-02-07T17:42:58Z"
"https://learn.microsoft.com/en-us/graph/utcm-intune-resources#deviceconfigurationscepcertificatepolicywindows10-resource-type","DeviceManagementConfiguration.Read.All, DeviceManagementConfiguration.ReadWrite.All, Group.Read.All","Read: Group.Read.All, DeviceManagementConfiguration.Read.All | Update: Group.Read.All, DeviceManagementConfiguration.ReadWrite.All","intune","deviceConfigurationScepCertificatePolicyWindows10","Device Configuration SCEP Certificate Policy Windows 10","microsoft.intune.deviceConfigurationScepCertificatePolicyWindows10","2026-02-07T17:42:58Z"
"https://learn.microsoft.com/en-us/graph/utcm-intune-resources#deviceconfigurationsecureassessmentpolicywindows10-resource-type","DeviceManagementConfiguration.Read.All, DeviceManagementConfiguration.ReadWrite.All, Group.Read.All","Read: Group.Read.All, DeviceManagementConfiguration.Read.All | Update: Group.Read.All, DeviceManagementConfiguration.ReadWrite.All","intune","deviceConfigurationSecureAssessmentPolicyWindows10","Device Configuration Secure Assessment Policy Windows 10","microsoft.intune.deviceConfigurationSecureAssessmentPolicyWindows10","2026-02-07T17:42:58Z"
"https://learn.microsoft.com/en-us/graph/utcm-intune-resources#deviceconfigurationsharedmultidevicepolicywindows10-resource-type","DeviceManagementConfiguration.Read.All, DeviceManagementConfiguration.ReadWrite.All, Group.Read.All","Read: Group.Read.All, DeviceManagementConfiguration.Read.All | Update: Group.Read.All, DeviceManagementConfiguration.ReadWrite.All","intune","deviceConfigurationSharedMultiDevicePolicyWindows10","Device Configuration Shared Multi Device Policy Windows 10","microsoft.intune.deviceConfigurationSharedMultiDevicePolicyWindows10","2026-02-07T17:42:58Z"
"https://learn.microsoft.com/en-us/graph/utcm-intune-resources#deviceconfigurationtrustedcertificatepolicywindows10-resource-type","DeviceManagementConfiguration.Read.All, DeviceManagementConfiguration.ReadWrite.All, Group.Read.All","Read: Group.Read.All, DeviceManagementConfiguration.Read.All | Update: Group.Read.All, DeviceManagementConfiguration.ReadWrite.All","intune","deviceConfigurationTrustedCertificatePolicyWindows10","Device Configuration Trusted Certificate Policy Windows 10","microsoft.intune.deviceConfigurationTrustedCertificatePolicyWindows10","2026-02-07T17:42:58Z"
"https://learn.microsoft.com/en-us/graph/utcm-intune-resources#deviceconfigurationvpnpolicywindows10-resource-type","DeviceManagementConfiguration.Read.All, DeviceManagementConfiguration.ReadWrite.All, Group.Read.All","Read: Group.Read.All, DeviceManagementConfiguration.Read.All | Update: Group.Read.All, DeviceManagementConfiguration.ReadWrite.All","intune","deviceConfigurationVpnPolicyWindows10","Device Configuration VPN Policy Windows 10","microsoft.intune.deviceConfigurationVpnPolicyWindows10","2026-02-07T17:42:58Z"
"https://learn.microsoft.com/en-us/graph/utcm-intune-resources#deviceconfigurationwindowsteampolicywindows10-resource-type","DeviceManagementConfiguration.Read.All, DeviceManagementConfiguration.ReadWrite.All, Group.Read.All","Read: Group.Read.All, DeviceManagementConfiguration.Read.All | Update: Group.Read.All, DeviceManagementConfiguration.ReadWrite.All","intune","deviceConfigurationWindowsTeamPolicyWindows10","Device Configuration Windows Team Policy Windows 10","microsoft.intune.deviceConfigurationWindowsTeamPolicyWindows10","2026-02-07T17:42:58Z"
"https://learn.microsoft.com/en-us/graph/utcm-intune-resources#deviceconfigurationwirednetworkpolicywindows10-resource-type","DeviceManagementConfiguration.Read.All, DeviceManagementConfiguration.ReadWrite.All, Group.Read.All","Read: Group.Read.All, DeviceManagementConfiguration.Read.All | Update: Group.Read.All, DeviceManagementConfiguration.ReadWrite.All","intune","deviceConfigurationWiredNetworkPolicyWindows10","Device Configuration Wired Network Policy Windows 10","microsoft.intune.deviceConfigurationWiredNetworkPolicyWindows10","2026-02-07T17:42:58Z"
"https://learn.microsoft.com/en-us/graph/utcm-intune-resources#deviceenrollmentlimitrestriction-resource-type","DeviceManagementServiceConfig.Read.All, DeviceManagementServiceConfig.ReadWrite.All","Read: DeviceManagementServiceConfig.Read.All | Update: DeviceManagementServiceConfig.ReadWrite.All","intune","deviceEnrollmentLimitRestriction","Device Enrollment Limit Restriction","microsoft.intune.deviceEnrollmentLimitRestriction","2026-02-07T17:42:58Z"
"https://learn.microsoft.com/en-us/graph/utcm-intune-resources#deviceenrollmentplatformrestriction-resource-type","DeviceManagementServiceConfig.Read.All, DeviceManagementServiceConfig.ReadWrite.All, Group.Read.All","Read: Group.Read.All, DeviceManagementServiceConfig.Read.All | Update: Group.Read.All, DeviceManagementServiceConfig.ReadWrite.All","intune","deviceEnrollmentPlatformRestriction","Device Enrollment Platform Restriction","microsoft.intune.deviceEnrollmentPlatformRestriction","2026-02-07T17:42:58Z"
"https://learn.microsoft.com/en-us/graph/utcm-intune-resources#deviceenrollmentstatuspagewindows10-resource-type","DeviceManagementApps.Read.All, DeviceManagementConfiguration.Read.All, DeviceManagementConfiguration.ReadWrite.All, DeviceManagementServiceConfig.Read.All, DeviceManagementServiceConfig.ReadWrite.All, Group.Read.All","Read: Group.Read.All, DeviceManagementConfiguration.Read.All, DeviceManagementServiceConfig.Read.All, DeviceManagementApps.Read.All | Update: Group.Read.All, DeviceManagementConfiguration.ReadWrite.All, DeviceManagementServiceConfig.ReadWrite.All, DeviceManagementApps.Read.All","intune","deviceEnrollmentStatusPageWindows10","Device Enrollment Status Page Windows 10","microsoft.intune.deviceEnrollmentStatusPageWindows10","2026-02-07T17:42:58Z"
"https://learn.microsoft.com/en-us/graph/utcm-intune-resources#endpointdetectionandresponsepolicywindows10-resource-type","DeviceManagementConfiguration.Read.All, DeviceManagementConfiguration.ReadWrite.All, Group.Read.All","Read: Group.Read.All, DeviceManagementConfiguration.Read.All | Update: Group.Read.All, DeviceManagementConfiguration.ReadWrite.All","intune","endpointDetectionAndResponsePolicyWindows10","Endpoint Detection And Response Policy Windows 10","microsoft.intune.endpointDetectionAndResponsePolicyWindows10","2026-02-07T17:42:58Z"
"https://learn.microsoft.com/en-us/graph/utcm-intune-resources#exploitprotectionpolicywindows10settingcatalog-resource-type","DeviceManagementConfiguration.Read.All, DeviceManagementConfiguration.ReadWrite.All, Group.Read.All","Read: Group.Read.All, DeviceManagementConfiguration.Read.All | Update: Group.Read.All, DeviceManagementConfiguration.ReadWrite.All","intune","exploitProtectionPolicyWindows10SettingCatalog","Exploit Protection Policy Windows 10 Setting Catalog","microsoft.intune.exploitProtectionPolicyWindows10SettingCatalog","2026-02-07T17:42:58Z"
"https://learn.microsoft.com/en-us/graph/utcm-intune-resources#policysets-resource-type","DeviceManagementConfiguration.Read.All, DeviceManagementConfiguration.ReadWrite.All, Group.Read.All","Read: Group.Read.All, DeviceManagementConfiguration.Read.All | Update: Group.Read.All, DeviceManagementConfiguration.ReadWrite.All","intune","policySets","Policy Sets","microsoft.intune.policySets","2026-02-07T17:42:58Z"
"https://learn.microsoft.com/en-us/graph/utcm-intune-resources#roleassignment-resource-type","DeviceManagementRBAC.Read.All, DeviceManagementRBAC.ReadWrite.All, Group.Read.All","Read: Group.Read.All, DeviceManagementRBAC.Read.All | Update: Group.Read.All, DeviceManagementRBAC.ReadWrite.All","intune","roleAssignment","Role Assignment","microsoft.intune.roleAssignment","2026-02-07T17:42:58Z"
"https://learn.microsoft.com/en-us/graph/utcm-intune-resources#roledefinition-resource-type","DeviceManagementRBAC.Read.All, DeviceManagementRBAC.ReadWrite.All","Read: DeviceManagementRBAC.Read.All | Update: DeviceManagementRBAC.ReadWrite.All","intune","roleDefinition","Role Definition","microsoft.intune.roleDefinition","2026-02-07T17:42:58Z"
"https://learn.microsoft.com/en-us/graph/utcm-intune-resources#settingcatalogasrrulespolicywindows10-resource-type","DeviceManagementConfiguration.Read.All, DeviceManagementConfiguration.ReadWrite.All, Group.Read.All","Read: Group.Read.All, DeviceManagementConfiguration.Read.All | Update: Group.Read.All, DeviceManagementConfiguration.ReadWrite.All","intune","settingCatalogAsrRulesPolicyWindows10","Setting Catalog ASR Rules Policy Windows 10","microsoft.intune.settingCatalogAsrRulesPolicyWindows10","2026-02-07T17:42:58Z"
"https://learn.microsoft.com/en-us/graph/utcm-intune-resources#settingcatalogcustompolicywindows10-resource-type","DeviceManagementConfiguration.Read.All, DeviceManagementConfiguration.ReadWrite.All, Group.Read.All","Read: Group.Read.All, DeviceManagementConfiguration.Read.All | Update: Group.Read.All, DeviceManagementConfiguration.ReadWrite.All","intune","settingCatalogCustomPolicyWindows10","Setting Catalog Custom Policy Windows 10","microsoft.intune.settingCatalogCustomPolicyWindows10","2026-02-07T17:42:58Z"
"https://learn.microsoft.com/en-us/graph/utcm-intune-resources#wificonfigurationpolicyandroiddeviceadministrator-resource-type","DeviceManagementConfiguration.Read.All, DeviceManagementConfiguration.ReadWrite.All","Read: DeviceManagementConfiguration.Read.All | Update: DeviceManagementConfiguration.ReadWrite.All","intune","wifiConfigurationPolicyAndroidDeviceAdministrator","WiFi Configuration Policy Android Device Administrator","microsoft.intune.wifiConfigurationPolicyAndroidDeviceAdministrator","2026-02-07T17:42:58Z"
"https://learn.microsoft.com/en-us/graph/utcm-intune-resources#wificonfigurationpolicyandroidenterprisedeviceowner-resource-type","DeviceManagementConfiguration.Read.All, DeviceManagementConfiguration.ReadWrite.All, Group.Read.All","Read: Group.Read.All, DeviceManagementConfiguration.Read.All | Update: Group.Read.All, DeviceManagementConfiguration.ReadWrite.All","intune","wifiConfigurationPolicyAndroidEnterpriseDeviceOwner","WiFi Configuration Policy Android Enterprise Device Owner","microsoft.intune.wifiConfigurationPolicyAndroidEnterpriseDeviceOwner","2026-02-07T17:42:58Z"
"https://learn.microsoft.com/en-us/graph/utcm-intune-resources#wificonfigurationpolicyandroidenterpriseworkprofile-resource-type","DeviceManagementConfiguration.Read.All, DeviceManagementConfiguration.ReadWrite.All, Group.Read.All","Read: Group.Read.All, DeviceManagementConfiguration.Read.All | Update: Group.Read.All, DeviceManagementConfiguration.ReadWrite.All","intune","wifiConfigurationPolicyAndroidEnterpriseWorkProfile","WiFi Configuration Policy Android Enterprise Work Profile","microsoft.intune.wifiConfigurationPolicyAndroidEnterpriseWorkProfile","2026-02-07T17:42:58Z"
"https://learn.microsoft.com/en-us/graph/utcm-intune-resources#wificonfigurationpolicyandroidforwork-resource-type","DeviceManagementConfiguration.Read.All, DeviceManagementConfiguration.ReadWrite.All, Group.Read.All","Read: Group.Read.All, DeviceManagementConfiguration.Read.All | Update: Group.Read.All, DeviceManagementConfiguration.ReadWrite.All","intune","wifiConfigurationPolicyAndroidForWork","WiFi Configuration Policy Android For Work","microsoft.intune.wifiConfigurationPolicyAndroidForWork","2026-02-07T17:42:58Z"
"https://learn.microsoft.com/en-us/graph/utcm-intune-resources#wificonfigurationpolicyandroidopensourceproject-resource-type","DeviceManagementConfiguration.Read.All, DeviceManagementConfiguration.ReadWrite.All, Group.Read.All","Read: Group.Read.All, DeviceManagementConfiguration.Read.All | Update: Group.Read.All, DeviceManagementConfiguration.ReadWrite.All","intune","wifiConfigurationPolicyAndroidOpenSourceProject","WiFi Configuration Policy Android Open Source Project","microsoft.intune.wifiConfigurationPolicyAndroidOpenSourceProject","2026-02-07T17:42:58Z"
"https://learn.microsoft.com/en-us/graph/utcm-intune-resources#wificonfigurationpolicyios-resource-type","DeviceManagementConfiguration.Read.All, DeviceManagementConfiguration.ReadWrite.All, Group.Read.All","Read: Group.Read.All, DeviceManagementConfiguration.Read.All | Update: Group.Read.All, DeviceManagementConfiguration.ReadWrite.All","intune","wifiConfigurationPolicyiOS","WiFi Configuration Policy iOS","microsoft.intune.wifiConfigurationPolicyiOS","2026-02-07T17:42:58Z"
"https://learn.microsoft.com/en-us/graph/utcm-intune-resources#wificonfigurationpolicymacos-resource-type","DeviceManagementConfiguration.Read.All, DeviceManagementConfiguration.ReadWrite.All, Group.Read.All","Read: Group.Read.All, DeviceManagementConfiguration.Read.All | Update: Group.Read.All, DeviceManagementConfiguration.ReadWrite.All","intune","wifiConfigurationPolicymacOS","WiFi Configuration Policy macOS","microsoft.intune.wifiConfigurationPolicymacOS","2026-02-07T17:42:58Z"
"https://learn.microsoft.com/en-us/graph/utcm-intune-resources#wificonfigurationpolicywindows10-resource-type","DeviceManagementConfiguration.Read.All, DeviceManagementConfiguration.ReadWrite.All, Group.Read.All","Read: Group.Read.All, DeviceManagementConfiguration.Read.All | Update: Group.Read.All, DeviceManagementConfiguration.ReadWrite.All","intune","wifiConfigurationPolicyWindows10","WiFi Configuration Policy Windows 10","microsoft.intune.wifiConfigurationPolicyWindows10","2026-02-07T17:42:58Z"
"https://learn.microsoft.com/en-us/graph/utcm-intune-resources#windowsautopilotdeploymentprofileazureadhybridjoined-resource-type","DeviceManagementServiceConfig.Read.All, DeviceManagementServiceConfig.ReadWrite.All, Group.Read.All","Read: Group.Read.All, DeviceManagementServiceConfig.Read.All | Update: Group.Read.All, DeviceManagementServiceConfig.ReadWrite.All","intune","windowsAutopilotDeploymentProfileAzureADHybridJoined","Windows Autopilot Deployment Profile Azure A D Hybrid Joined","microsoft.intune.windowsAutopilotDeploymentProfileAzureADHybridJoined","2026-02-07T17:42:58Z"
"https://learn.microsoft.com/en-us/graph/utcm-intune-resources#windowsautopilotdeploymentprofileazureadjoined-resource-type","DeviceManagementServiceConfig.Read.All, DeviceManagementServiceConfig.ReadWrite.All, Group.Read.All","Read: Group.Read.All, DeviceManagementServiceConfig.Read.All | Update: Group.Read.All, DeviceManagementServiceConfig.ReadWrite.All","intune","windowsAutopilotDeploymentProfileAzureADJoined","Windows Autopilot Deployment Profile Azure A D Joined","microsoft.intune.windowsAutopilotDeploymentProfileAzureADJoined","2026-02-07T17:42:58Z"
"https://learn.microsoft.com/en-us/graph/utcm-intune-resources#windowsinformationprotectionpolicywindows10mdmenrolled-resource-type","DeviceManagementApps.Read.All, DeviceManagementApps.ReadWrite.All, Group.Read.All","Read: Group.Read.All, DeviceManagementApps.Read.All | Update: Group.Read.All, DeviceManagementApps.ReadWrite.All","intune","windowsInformationProtectionPolicyWindows10MdmEnrolled","Windows Information Protection Policy Windows 10 MDM Enrolled","microsoft.intune.windowsInformationProtectionPolicyWindows10MdmEnrolled","2026-02-07T17:42:58Z"
"https://learn.microsoft.com/en-us/graph/utcm-intune-resources#windowsupdateforbusinessfeatureupdateprofilewindows10-resource-type","DeviceManagementConfiguration.Read.All, DeviceManagementConfiguration.ReadWrite.All, Group.Read.All","Read: Group.Read.All, DeviceManagementConfiguration.Read.All | Update: Group.Read.All, DeviceManagementConfiguration.ReadWrite.All","intune","windowsUpdateForBusinessFeatureUpdateProfileWindows10","Windows Update For Business Feature Update Profile Windows 10","microsoft.intune.windowsUpdateForBusinessFeatureUpdateProfileWindows10","2026-02-07T17:42:58Z"
"https://learn.microsoft.com/en-us/graph/utcm-intune-resources#windowsupdateforbusinessringupdateprofilewindows10-resource-type","DeviceManagementConfiguration.Read.All, DeviceManagementConfiguration.ReadWrite.All, Group.Read.All","Read: Group.Read.All, DeviceManagementConfiguration.Read.All | Update: Group.Read.All, DeviceManagementConfiguration.ReadWrite.All","intune","windowsUpdateForBusinessRingUpdateProfileWindows10","Windows Update For Business Ring Update Profile Windows 10","microsoft.intune.windowsUpdateForBusinessRingUpdateProfileWindows10","2026-02-07T17:42:58Z"
"https://learn.microsoft.com/en-us/graph/utcm-exchange-resources#accepteddomain-resource-type","Exchange.ManageAsApp","","exchange","acceptedDomain","Accepted Domain","microsoft.exchange.acceptedDomain","2026-02-07T17:42:58Z"
"https://learn.microsoft.com/en-us/graph/utcm-exchange-resources#activesyncdeviceaccessrule-resource-type","Exchange.ManageAsApp","","exchange","activeSyncDeviceAccessRule","Active Sync Device Access Rule","microsoft.exchange.activeSyncDeviceAccessRule","2026-02-07T17:42:58Z"
"https://learn.microsoft.com/en-us/graph/utcm-exchange-resources#antiphishpolicy-resource-type","Exchange.ManageAsApp","","exchange","antiPhishPolicy","Anti Phish Policy","microsoft.exchange.antiPhishPolicy","2026-02-07T17:42:58Z"
"https://learn.microsoft.com/en-us/graph/utcm-exchange-resources#antiphishrule-resource-type","Exchange.ManageAsApp","","exchange","antiPhishRule","Anti Phish Rule","microsoft.exchange.antiPhishRule","2026-02-07T17:42:58Z"
"https://learn.microsoft.com/en-us/graph/utcm-exchange-resources#applicationaccesspolicy-resource-type","Exchange.ManageAsApp","","exchange","applicationAccessPolicy","Application Access Policy","microsoft.exchange.applicationAccessPolicy","2026-02-07T17:42:58Z"
"https://learn.microsoft.com/en-us/graph/utcm-exchange-resources#atppolicyforo365-resource-type","Exchange.ManageAsApp","","exchange","atpPolicyForO365","Atp Policy For Office 365","microsoft.exchange.atpPolicyForO365","2026-02-07T17:42:58Z"
"https://learn.microsoft.com/en-us/graph/utcm-exchange-resources#authenticationpolicy-resource-type","Exchange.ManageAsApp","","exchange","authenticationPolicy","Authentication Policy","microsoft.exchange.authenticationPolicy","2026-02-07T17:42:58Z"
"https://learn.microsoft.com/en-us/graph/utcm-exchange-resources#authenticationpolicyassignment-resource-type","Exchange.ManageAsApp","","exchange","authenticationPolicyAssignment","Authentication Policy Assignment","microsoft.exchange.authenticationPolicyAssignment","2026-02-07T17:42:58Z"
"https://learn.microsoft.com/en-us/graph/utcm-exchange-resources#availabilityaddressspace-resource-type","Exchange.ManageAsApp","","exchange","availabilityAddressSpace","Availability Address Space","microsoft.exchange.availabilityAddressSpace","2026-02-07T17:42:58Z"
"https://learn.microsoft.com/en-us/graph/utcm-exchange-resources#availabilityconfig-resource-type","Exchange.ManageAsApp","","exchange","availabilityConfig","Availability Config","microsoft.exchange.availabilityConfig","2026-02-07T17:42:58Z"
"https://learn.microsoft.com/en-us/graph/utcm-exchange-resources#calendarprocessing-resource-type","Exchange.ManageAsApp","","exchange","calendarProcessing","Calendar Processing","microsoft.exchange.calendarProcessing","2026-02-07T17:42:58Z"
"https://learn.microsoft.com/en-us/graph/utcm-exchange-resources#casmailboxplan-resource-type","Exchange.ManageAsApp","","exchange","casMailboxPlan","Cas Mailbox Plan","microsoft.exchange.casMailboxPlan","2026-02-07T17:42:58Z"
"https://learn.microsoft.com/en-us/graph/utcm-exchange-resources#casmailboxsettings-resource-type","Exchange.ManageAsApp","","exchange","casMailboxSettings","Cas Mailbox Settings","microsoft.exchange.casMailboxSettings","2026-02-07T17:42:58Z"
"https://learn.microsoft.com/en-us/graph/utcm-exchange-resources#dataclassification-resource-type","Exchange.ManageAsApp","","exchange","dataClassification","Data Classification","microsoft.exchange.dataClassification","2026-02-07T17:42:58Z"
"https://learn.microsoft.com/en-us/graph/utcm-exchange-resources#dataencryptionpolicy-resource-type","Exchange.ManageAsApp","","exchange","dataEncryptionPolicy","Data Encryption Policy","microsoft.exchange.dataEncryptionPolicy","2026-02-07T17:42:58Z"
"https://learn.microsoft.com/en-us/graph/utcm-exchange-resources#distributiongroup-resource-type","Exchange.ManageAsApp","","exchange","distributionGroup","Distribution Group","microsoft.exchange.distributionGroup","2026-02-07T17:42:58Z"
"https://learn.microsoft.com/en-us/graph/utcm-exchange-resources#dkimsigningconfig-resource-type","Exchange.ManageAsApp","","exchange","dkimSigningConfig","Dkim Signing Config","microsoft.exchange.dkimSigningConfig","2026-02-07T17:42:58Z"
"https://learn.microsoft.com/en-us/graph/utcm-exchange-resources#emailaddresspolicy-resource-type","Exchange.ManageAsApp","","exchange","emailAddressPolicy","Email Address Policy","microsoft.exchange.emailAddressPolicy","2026-02-07T17:42:58Z"
"https://learn.microsoft.com/en-us/graph/utcm-exchange-resources#groupsettings-resource-type","Exchange.ManageAsApp","","exchange","groupSettings","Group Settings","microsoft.exchange.groupSettings","2026-02-07T17:42:58Z"
"https://learn.microsoft.com/en-us/graph/utcm-exchange-resources#hostedconnectionfilterpolicy-resource-type","Exchange.ManageAsApp","","exchange","hostedConnectionFilterPolicy","Hosted Connection Filter Policy","microsoft.exchange.hostedConnectionFilterPolicy","2026-02-07T17:42:58Z"
"https://learn.microsoft.com/en-us/graph/utcm-exchange-resources#hostedcontentfilterpolicy-resource-type","Exchange.ManageAsApp","","exchange","hostedContentFilterPolicy","Hosted Content Filter Policy","microsoft.exchange.hostedContentFilterPolicy","2026-02-07T17:42:58Z"
"https://learn.microsoft.com/en-us/graph/utcm-exchange-resources#hostedcontentfilterrule-resource-type","Exchange.ManageAsApp","","exchange","hostedContentFilterRule","Hosted Content Filter Rule","microsoft.exchange.hostedContentFilterRule","2026-02-07T17:42:58Z"
"https://learn.microsoft.com/en-us/graph/utcm-exchange-resources#hostedoutboundspamfilterpolicy-resource-type","Exchange.ManageAsApp","","exchange","hostedOutboundSpamFilterPolicy","Hosted Outbound Spam Filter Policy","microsoft.exchange.hostedOutboundSpamFilterPolicy","2026-02-07T17:42:58Z"
"https://learn.microsoft.com/en-us/graph/utcm-exchange-resources#hostedoutboundspamfilterrule-resource-type","Exchange.ManageAsApp","","exchange","hostedOutboundSpamFilterRule","Hosted Outbound Spam Filter Rule","microsoft.exchange.hostedOutboundSpamFilterRule","2026-02-07T17:42:58Z"
"https://learn.microsoft.com/en-us/graph/utcm-exchange-resources#inboundconnector-resource-type","Exchange.ManageAsApp","","exchange","inboundConnector","Inbound Connector","microsoft.exchange.inboundConnector","2026-02-07T17:42:58Z"
"https://learn.microsoft.com/en-us/graph/utcm-exchange-resources#intraorganizationconnector-resource-type","Exchange.ManageAsApp","","exchange","intraOrganizationConnector","Intra Organization Connector","microsoft.exchange.intraOrganizationConnector","2026-02-07T17:42:58Z"
"https://learn.microsoft.com/en-us/graph/utcm-exchange-resources#irmconfiguration-resource-type","Exchange.ManageAsApp","","exchange","irmConfiguration","Irm Configuration","microsoft.exchange.irmConfiguration","2026-02-07T17:42:58Z"
"https://learn.microsoft.com/en-us/graph/utcm-exchange-resources#journalrule-resource-type","Exchange.ManageAsApp","","exchange","journalRule","Journal Rule","microsoft.exchange.journalRule","2026-02-07T17:42:58Z"
"https://learn.microsoft.com/en-us/graph/utcm-exchange-resources#mailboxautoreplyconfiguration-resource-type","Exchange.ManageAsApp","","exchange","mailboxAutoReplyConfiguration","Mailbox Auto Reply Configuration","microsoft.exchange.mailboxAutoReplyConfiguration","2026-02-07T17:42:58Z"
"https://learn.microsoft.com/en-us/graph/utcm-exchange-resources#mailboxcalendarfolder-resource-type","Exchange.ManageAsApp","","exchange","mailboxCalendarFolder","Mailbox Calendar Folder","microsoft.exchange.mailboxCalendarFolder","2026-02-07T17:42:58Z"
"https://learn.microsoft.com/en-us/graph/utcm-exchange-resources#mailboxpermission-resource-type","Exchange.ManageAsApp","","exchange","mailboxPermission","Mailbox Permission","microsoft.exchange.mailboxPermission","2026-02-07T17:42:58Z"
"https://learn.microsoft.com/en-us/graph/utcm-exchange-resources#mailboxplan-resource-type","Exchange.ManageAsApp","","exchange","mailboxPlan","Mailbox Plan","microsoft.exchange.mailboxPlan","2026-02-07T17:42:58Z"
"https://learn.microsoft.com/en-us/graph/utcm-exchange-resources#mailboxsettings-resource-type","Exchange.ManageAsApp","","exchange","mailboxSettings","Mailbox Settings","microsoft.exchange.mailboxSettings","2026-02-07T17:42:58Z"
"https://learn.microsoft.com/en-us/graph/utcm-exchange-resources#mailcontact-resource-type","Exchange.ManageAsApp","","exchange","mailContact","Mail Contact","microsoft.exchange.mailContact","2026-02-07T17:42:58Z"
"https://learn.microsoft.com/en-us/graph/utcm-exchange-resources#mailtips-resource-type","Exchange.ManageAsApp","","exchange","mailTips","Mail Tips","microsoft.exchange.mailTips","2026-02-07T17:42:58Z"
"https://learn.microsoft.com/en-us/graph/utcm-exchange-resources#malwarefilterpolicy-resource-type","Exchange.ManageAsApp","","exchange","malwareFilterPolicy","Malware Filter Policy","microsoft.exchange.malwareFilterPolicy","2026-02-07T17:42:58Z"
"https://learn.microsoft.com/en-us/graph/utcm-exchange-resources#malwarefilterrule-resource-type","Exchange.ManageAsApp","","exchange","malwareFilterRule","Malware Filter Rule","microsoft.exchange.malwareFilterRule","2026-02-07T17:42:58Z"
"https://learn.microsoft.com/en-us/graph/utcm-exchange-resources#managementrole-resource-type","Exchange.ManageAsApp","","exchange","managementRole","Management Role","microsoft.exchange.managementRole","2026-02-07T17:42:58Z"
"https://learn.microsoft.com/en-us/graph/utcm-exchange-resources#managementroleassignment-resource-type","Exchange.ManageAsApp","","exchange","managementRoleAssignment","Management Role Assignment","microsoft.exchange.managementRoleAssignment","2026-02-07T17:42:58Z"
"https://learn.microsoft.com/en-us/graph/utcm-exchange-resources#messageclassification-resource-type","Exchange.ManageAsApp","","exchange","messageClassification","Message Classification","microsoft.exchange.messageClassification","2026-02-07T17:42:58Z"
"https://learn.microsoft.com/en-us/graph/utcm-exchange-resources#mobiledevicemailboxpolicy-resource-type","Exchange.ManageAsApp","","exchange","mobileDeviceMailboxPolicy","Mobile Device Mailbox Policy","microsoft.exchange.mobileDeviceMailboxPolicy","2026-02-07T17:42:58Z"
"https://learn.microsoft.com/en-us/graph/utcm-exchange-resources#omeconfiguration-resource-type","Exchange.ManageAsApp","","exchange","omeConfiguration","Ome Configuration","microsoft.exchange.omeConfiguration","2026-02-07T17:42:58Z"
"https://learn.microsoft.com/en-us/graph/utcm-exchange-resources#onpremisesorganization-resource-type","Exchange.ManageAsApp","","exchange","onPremisesOrganization","On Premises Organization","microsoft.exchange.onPremisesOrganization","2026-02-07T17:42:58Z"
"https://learn.microsoft.com/en-us/graph/utcm-exchange-resources#organizationconfig-resource-type","Exchange.ManageAsApp","","exchange","organizationConfig","Organization Config","microsoft.exchange.organizationConfig","2026-02-07T17:42:58Z"
"https://learn.microsoft.com/en-us/graph/utcm-exchange-resources#organizationrelationship-resource-type","Exchange.ManageAsApp","","exchange","organizationRelationship","Organization Relationship","microsoft.exchange.organizationRelationship","2026-02-07T17:42:58Z"
"https://learn.microsoft.com/en-us/graph/utcm-exchange-resources#outboundconnector-resource-type","Exchange.ManageAsApp","","exchange","outboundConnector","Outbound Connector","microsoft.exchange.outboundConnector","2026-02-07T17:42:58Z"
"https://learn.microsoft.com/en-us/graph/utcm-exchange-resources#owamailboxpolicy-resource-type","Exchange.ManageAsApp","","exchange","owaMailboxPolicy","Owa Mailbox Policy","microsoft.exchange.owaMailboxPolicy","2026-02-07T17:42:58Z"
"https://learn.microsoft.com/en-us/graph/utcm-exchange-resources#partnerapplication-resource-type","Exchange.ManageAsApp","","exchange","partnerApplication","Partner Application","microsoft.exchange.partnerApplication","2026-02-07T17:42:58Z"
"https://learn.microsoft.com/en-us/graph/utcm-exchange-resources#perimeterconfiguration-resource-type","Exchange.ManageAsApp","","exchange","perimeterConfiguration","Perimeter Configuration","microsoft.exchange.perimeterConfiguration","2026-02-07T17:42:58Z"
"https://learn.microsoft.com/en-us/graph/utcm-exchange-resources#place-resource-type","Exchange.ManageAsApp","","exchange","place","Place","microsoft.exchange.place","2026-02-07T17:42:58Z"
"https://learn.microsoft.com/en-us/graph/utcm-exchange-resources#policytipconfig-resource-type","Exchange.ManageAsApp","","exchange","policyTipConfig","Policy Tip Config","microsoft.exchange.policyTipConfig","2026-02-07T17:42:58Z"
"https://learn.microsoft.com/en-us/graph/utcm-exchange-resources#quarantinepolicy-resource-type","Exchange.ManageAsApp","","exchange","quarantinePolicy","Quarantine Policy","microsoft.exchange.quarantinePolicy","2026-02-07T17:42:58Z"
"https://learn.microsoft.com/en-us/graph/utcm-exchange-resources#recipientpermission-resource-type","Exchange.ManageAsApp","","exchange","recipientPermission","Recipient Permission","microsoft.exchange.recipientPermission","2026-02-07T17:42:58Z"
"https://learn.microsoft.com/en-us/graph/utcm-exchange-resources#remotedomain-resource-type","Exchange.ManageAsApp","","exchange","remoteDomain","Remote Domain","microsoft.exchange.remoteDomain","2026-02-07T17:42:58Z"
"https://learn.microsoft.com/en-us/graph/utcm-exchange-resources#reportsubmissionpolicy-resource-type","Exchange.ManageAsApp","","exchange","reportSubmissionPolicy","Report Submission Policy","microsoft.exchange.reportSubmissionPolicy","2026-02-07T17:42:58Z"
"https://learn.microsoft.com/en-us/graph/utcm-exchange-resources#reportsubmissionrule-resource-type","Exchange.ManageAsApp","","exchange","reportSubmissionRule","Report Submission Rule","microsoft.exchange.reportSubmissionRule","2026-02-07T17:42:58Z"
"https://learn.microsoft.com/en-us/graph/utcm-exchange-resources#resourceconfiguration-resource-type","Exchange.ManageAsApp","","exchange","resourceConfiguration","Resource Configuration","microsoft.exchange.resourceConfiguration","2026-02-07T17:42:58Z"
"https://learn.microsoft.com/en-us/graph/utcm-exchange-resources#roleassignmentpolicy-resource-type","Exchange.ManageAsApp","","exchange","roleAssignmentPolicy","Role Assignment Policy","microsoft.exchange.roleAssignmentPolicy","2026-02-07T17:42:58Z"
"https://learn.microsoft.com/en-us/graph/utcm-exchange-resources#rolegroup-resource-type","Exchange.ManageAsApp","","exchange","roleGroup","Role Group","microsoft.exchange.roleGroup","2026-02-07T17:42:58Z"
"https://learn.microsoft.com/en-us/graph/utcm-exchange-resources#safeattachmentpolicy-resource-type","Exchange.ManageAsApp","","exchange","safeAttachmentPolicy","Safe Attachment Policy","microsoft.exchange.safeAttachmentPolicy","2026-02-07T17:42:58Z"
"https://learn.microsoft.com/en-us/graph/utcm-exchange-resources#safeattachmentrule-resource-type","Exchange.ManageAsApp","","exchange","safeAttachmentRule","Safe Attachment Rule","microsoft.exchange.safeAttachmentRule","2026-02-07T17:42:58Z"
"https://learn.microsoft.com/en-us/graph/utcm-exchange-resources#safelinkspolicy-resource-type","Exchange.ManageAsApp","","exchange","safeLinksPolicy","Safe Links Policy","microsoft.exchange.safeLinksPolicy","2026-02-07T17:42:58Z"
"https://learn.microsoft.com/en-us/graph/utcm-exchange-resources#safelinksrule-resource-type","Exchange.ManageAsApp","","exchange","safeLinksRule","Safe Links Rule","microsoft.exchange.safeLinksRule","2026-02-07T17:42:58Z"
"https://learn.microsoft.com/en-us/graph/utcm-exchange-resources#sharedmailbox-resource-type","Exchange.ManageAsApp","","exchange","sharedMailbox","Shared Mailbox","microsoft.exchange.sharedMailbox","2026-02-07T17:42:58Z"
"https://learn.microsoft.com/en-us/graph/utcm-exchange-resources#sharingpolicy-resource-type","Exchange.ManageAsApp","","exchange","sharingPolicy","Sharing Policy","microsoft.exchange.sharingPolicy","2026-02-07T17:42:58Z"
"https://learn.microsoft.com/en-us/graph/utcm-exchange-resources#transportconfig-resource-type","Exchange.ManageAsApp","","exchange","transportConfig","Transport Config","microsoft.exchange.transportConfig","2026-02-07T17:42:58Z"
"https://learn.microsoft.com/en-us/graph/utcm-exchange-resources#transportrule-resource-type","Exchange.ManageAsApp","","exchange","transportRule","Transport Rule","microsoft.exchange.transportRule","2026-02-07T17:42:58Z"
"https://learn.microsoft.com/en-us/graph/utcm-entra-resources#administrativeunit-resource-type","AdministrativeUnit.Read.All, AdministrativeUnit.ReadWrite.All, Application.Read.All, Device.Read.All, Group.Read.All, RoleManagement.Read.Directory, User.Read.All","Read: AdministrativeUnit.Read.All, RoleManagement.Read.Directory | Update: AdministrativeUnit.ReadWrite.All, Application.Read.All, Device.Read.All, Group.Read.All, RoleManagement.Read.Directory, User.Read.All","entra","administrativeUnit","Administrative Unit","microsoft.entra.administrativeUnit","2026-02-07T17:42:58Z"
"https://learn.microsoft.com/en-us/graph/utcm-entra-resources#application-resource-type","Application.Read.All, Application.ReadWrite.All, Policy.Read.All, User.Read.All","Read: Application.Read.All, Policy.Read.All | Update: Application.ReadWrite.All, User.Read.All","entra","application","Application","microsoft.entra.application","2026-02-07T17:42:58Z"
"https://learn.microsoft.com/en-us/graph/utcm-entra-resources#authenticationcontextclassreference-resource-type","Policy.Read.ConditionalAccess, Policy.ReadWrite.ConditionalAccess","Read: Policy.Read.ConditionalAccess | Update: Policy.ReadWrite.ConditionalAccess","entra","authenticationContextClassReference","Authentication Context Class Reference","microsoft.entra.authenticationContextClassReference","2026-02-07T17:42:58Z"
"https://learn.microsoft.com/en-us/graph/utcm-entra-resources#authenticationmethodpolicy-resource-type","Policy.Read.AuthenticationMethod, Policy.ReadWrite.AuthenticationMethod","Read: Policy.Read.AuthenticationMethod | Update: Policy.ReadWrite.AuthenticationMethod","entra","authenticationMethodPolicy","Authentication Method Policy","microsoft.entra.authenticationMethodPolicy","2026-02-07T17:42:58Z"
"https://learn.microsoft.com/en-us/graph/utcm-entra-resources#authenticationmethodpolicyauthenticator-resource-type","Group.Read.All, Policy.Read.AuthenticationMethod, Policy.ReadWrite.AuthenticationMethod","Read: Policy.Read.AuthenticationMethod, Group.Read.All | Update: Policy.ReadWrite.AuthenticationMethod, Group.Read.All","entra","authenticationMethodPolicyAuthenticator","Authentication Method Policy Authenticator","microsoft.entra.authenticationMethodPolicyAuthenticator","2026-02-07T17:42:58Z"
"https://learn.microsoft.com/en-us/graph/utcm-entra-resources#authenticationmethodpolicyemail-resource-type","Group.Read.All, Policy.Read.AuthenticationMethod, Policy.ReadWrite.AuthenticationMethod","Read: Policy.Read.AuthenticationMethod, Group.Read.All | Update: Policy.ReadWrite.AuthenticationMethod, Group.Read.All","entra","authenticationMethodPolicyEmail","Authentication Method Policy Email","microsoft.entra.authenticationMethodPolicyEmail","2026-02-07T17:42:58Z"
"https://learn.microsoft.com/en-us/graph/utcm-entra-resources#authenticationmethodpolicyfido2-resource-type","Group.Read.All, Policy.Read.AuthenticationMethod, Policy.ReadWrite.AuthenticationMethod","Read: Policy.Read.AuthenticationMethod, Group.Read.All | Update: Policy.ReadWrite.AuthenticationMethod, Group.Read.All","entra","authenticationMethodPolicyFido2","Authentication Method Policy Fido2","microsoft.entra.authenticationMethodPolicyFido2","2026-02-07T17:42:58Z"
"https://learn.microsoft.com/en-us/graph/utcm-entra-resources#authenticationmethodpolicysms-resource-type","Group.Read.All, Policy.Read.AuthenticationMethod, Policy.ReadWrite.AuthenticationMethod","Read: Policy.Read.AuthenticationMethod, Group.Read.All | Update: Policy.ReadWrite.AuthenticationMethod, Group.Read.All","entra","authenticationMethodPolicySms","Authentication Method Policy Sms","microsoft.entra.authenticationMethodPolicySms","2026-02-07T17:42:58Z"
"https://learn.microsoft.com/en-us/graph/utcm-entra-resources#authenticationmethodpolicysoftware-resource-type","Group.Read.All, Policy.Read.AuthenticationMethod, Policy.ReadWrite.AuthenticationMethod","Read: Policy.Read.AuthenticationMethod, Group.Read.All | Update: Policy.ReadWrite.AuthenticationMethod, Group.Read.All","entra","authenticationMethodPolicySoftware","Authentication Method Policy Software","microsoft.entra.authenticationMethodPolicySoftware","2026-02-07T17:42:58Z"
"https://learn.microsoft.com/en-us/graph/utcm-entra-resources#authenticationmethodpolicytemporary-resource-type","Group.Read.All, Policy.Read.AuthenticationMethod, Policy.ReadWrite.AuthenticationMethod","Read: Policy.Read.AuthenticationMethod, Group.Read.All | Update: Policy.ReadWrite.AuthenticationMethod, Group.Read.All","entra","authenticationMethodPolicyTemporary","Authentication Method Policy Temporary","microsoft.entra.authenticationMethodPolicyTemporary","2026-02-07T17:42:58Z"
"https://learn.microsoft.com/en-us/graph/utcm-entra-resources#authenticationmethodpolicyvoice-resource-type","Group.Read.All, Policy.Read.AuthenticationMethod, Policy.ReadWrite.AuthenticationMethod","Read: Policy.Read.AuthenticationMethod, Group.Read.All | Update: Policy.ReadWrite.AuthenticationMethod, Group.Read.All","entra","authenticationMethodPolicyVoice","Authentication Method Policy Voice","microsoft.entra.authenticationMethodPolicyVoice","2026-02-07T17:42:58Z"
"https://learn.microsoft.com/en-us/graph/utcm-entra-resources#authenticationmethodpolicyx509-resource-type","Group.Read.All, Policy.Read.AuthenticationMethod, Policy.ReadWrite.AuthenticationMethod","Read: Policy.Read.AuthenticationMethod, Group.Read.All | Update: Policy.ReadWrite.AuthenticationMethod, Group.Read.All","entra","authenticationMethodPolicyX509","Authentication Method Policy X509","microsoft.entra.authenticationMethodPolicyX509","2026-02-07T17:42:58Z"
"https://learn.microsoft.com/en-us/graph/utcm-entra-resources#authenticationstrengthpolicy-resource-type","Policy.Read.AuthenticationMethod, Policy.ReadWrite.AuthenticationMethod","Read: Policy.Read.AuthenticationMethod | Update: Policy.ReadWrite.AuthenticationMethod","entra","authenticationStrengthPolicy","Authentication Strength Policy","microsoft.entra.authenticationStrengthPolicy","2026-02-07T17:42:58Z"
"https://learn.microsoft.com/en-us/graph/utcm-entra-resources#authorizationpolicy-resource-type","","","entra","authorizationPolicy","Authorization Policy","microsoft.entra.authorizationPolicy","2026-02-07T17:42:58Z"
"https://learn.microsoft.com/en-us/graph/utcm-entra-resources#conditionalaccesspolicy-resource-type","Agreement.Read.All, Application.Read.All, CustomSecAttributeDefinition.Read.All, Group.Read.All, Policy.Read.All, Policy.ReadWrite.ConditionalAccess, RoleManagement.Read.Directory, User.Read.All","Read: Agreement.Read.All, Application.Read.All, Group.Read.All, Policy.Read.All, RoleManagement.Read.Directory, User.Read.All, CustomSecAttributeDefinition.Read.All | Update: Agreement.Read.All, Application.Read.All, Group.Read.All, Policy.Read.All, Policy.ReadWrite.ConditionalAccess, RoleManagement.Read.Directory, User.Read.All, CustomSecAttributeDefinition.Read.All","entra","conditionalAccessPolicy","Conditional Access Policy","microsoft.entra.conditionalAccessPolicy","2026-02-07T17:42:58Z"
"https://learn.microsoft.com/en-us/graph/utcm-entra-resources#crosstenantaccesspolicy-resource-type","Policy.Read.All, Policy.ReadWrite.CrossTenantAccess","Read: Policy.Read.All | Update: Policy.ReadWrite.CrossTenantAccess","entra","crossTenantAccessPolicy","Cross Tenant Access Policy","microsoft.entra.crossTenantAccessPolicy","2026-02-07T17:42:58Z"
"https://learn.microsoft.com/en-us/graph/utcm-entra-resources#crosstenantaccesspolicyconfigurationdefault-resource-type","Policy.Read.All, Policy.ReadWrite.CrossTenantAccess","Read: Policy.Read.All | Update: Policy.ReadWrite.CrossTenantAccess","entra","crossTenantAccessPolicyConfigurationDefault","Cross Tenant Access Policy Configuration Default","microsoft.entra.crossTenantAccessPolicyConfigurationDefault","2026-02-07T17:42:58Z"
"https://learn.microsoft.com/en-us/graph/utcm-entra-resources#crosstenantaccesspolicyconfigurationpartner-resource-type","Policy.Read.All, Policy.ReadWrite.CrossTenantAccess","Read: Policy.Read.All | Update: Policy.ReadWrite.CrossTenantAccess","entra","crossTenantAccessPolicyConfigurationPartner","Cross Tenant Access Policy Configuration Partner","microsoft.entra.crossTenantAccessPolicyConfigurationPartner","2026-02-07T17:42:58Z"
"https://learn.microsoft.com/en-us/graph/utcm-entra-resources#entitlementmanagementaccesspackage-resource-type","EntitlementManagement.Read.All, EntitlementManagement.ReadWrite.All","Read: EntitlementManagement.Read.All | Update: EntitlementManagement.ReadWrite.All","entra","entitlementManagementAccessPackage","Entitlement Management Access Package","microsoft.entra.entitlementManagementAccessPackage","2026-02-07T17:42:58Z"
"https://learn.microsoft.com/en-us/graph/utcm-entra-resources#entitlementmanagementaccesspackageassignmentpolicy-resource-type","EntitlementManagement.Read.All, EntitlementManagement.ReadWrite.All","Read: EntitlementManagement.Read.All | Update: EntitlementManagement.ReadWrite.All","entra","entitlementManagementAccessPackageAssignmentPolicy","Entitlement Management Access Package Assignment Policy","microsoft.entra.entitlementManagementAccessPackageAssignmentPolicy","2026-02-07T17:42:58Z"
"https://learn.microsoft.com/en-us/graph/utcm-entra-resources#entitlementmanagementaccesspackagecatalog-resource-type","EntitlementManagement.Read.All, EntitlementManagement.ReadWrite.All","Read: EntitlementManagement.Read.All | Update: EntitlementManagement.ReadWrite.All","entra","entitlementManagementAccessPackageCatalog","Entitlement Management Access Package Catalog","microsoft.entra.entitlementManagementAccessPackageCatalog","2026-02-07T17:42:58Z"
"https://learn.microsoft.com/en-us/graph/utcm-entra-resources#entitlementmanagementaccesspackagecatalogresource-resource-type","EntitlementManagement.Read.All, EntitlementManagement.ReadWrite.All","Read: EntitlementManagement.Read.All | Update: EntitlementManagement.ReadWrite.All","entra","entitlementManagementAccessPackageCatalogResource","Entitlement Management Access Package Catalog Resource","microsoft.entra.entitlementManagementAccessPackageCatalogResource","2026-02-07T17:42:58Z"
"https://learn.microsoft.com/en-us/graph/utcm-entra-resources#entitlementmanagementconnectedorganization-resource-type","Directory.Read.All, EntitlementManagement.Read.All, EntitlementManagement.ReadWrite.All","Read: EntitlementManagement.Read.All | Update: EntitlementManagement.ReadWrite.All, Directory.Read.All","entra","entitlementManagementConnectedOrganization","Entitlement Management Connected Organization","microsoft.entra.entitlementManagementConnectedOrganization","2026-02-07T17:42:58Z"
"https://learn.microsoft.com/en-us/graph/utcm-entra-resources#externalidentitypolicy-resource-type","Policy.Read.All, Policy.ReadWrite.ExternalIdentities","Read: Policy.Read.All | Update: Policy.ReadWrite.ExternalIdentities","entra","externalIdentityPolicy","External Identity Policy","microsoft.entra.externalIdentityPolicy","2026-02-07T17:42:58Z"
"https://learn.microsoft.com/en-us/graph/utcm-entra-resources#group-resource-type","Application.Read.All, Device.Read.All, Directory.Read.All, Directory.ReadWrite.All, Group.Read.All, Group.ReadWrite.All, Organization.Read.All, ReportSettings.Read.All, ReportSettings.ReadWrite.All, RoleManagement.ReadWrite.Directory, User.Read.All","Read: Application.Read.All, Device.Read.All, Directory.Read.All, Group.Read.All, ReportSettings.Read.All | Update: Application.Read.All, Device.Read.All, Directory.ReadWrite.All, Group.ReadWrite.All, Organization.Read.All, RoleManagement.ReadWrite.Directory, User.Read.All, ReportSettings.ReadWrite.All","entra","group","Group","microsoft.entra.group","2026-02-07T17:42:58Z"
"https://learn.microsoft.com/en-us/graph/utcm-entra-resources#grouplifecyclepolicy-resource-type","Directory.Read.All, Directory.ReadWrite.All","Read: Directory.Read.All | Update: Directory.ReadWrite.All","entra","groupLifecyclePolicy","Group Lifecycle Policy","microsoft.entra.groupLifecyclePolicy","2026-02-07T17:42:58Z"
"https://learn.microsoft.com/en-us/graph/utcm-entra-resources#namedlocationpolicy-resource-type","Policy.Read.All, Policy.ReadWrite.ConditionalAccess","Read: Policy.Read.All | Update: Policy.Read.All, Policy.ReadWrite.ConditionalAccess","entra","namedLocationPolicy","Named Location Policy","microsoft.entra.namedLocationPolicy","2026-02-07T17:42:58Z"
"https://learn.microsoft.com/en-us/graph/utcm-entra-resources#roledefinition-resource-type","RoleManagement.Read.Directory, RoleManagement.ReadWrite.Directory","Read: RoleManagement.Read.Directory | Update: RoleManagement.ReadWrite.Directory","entra","roleDefinition","Role Definition","microsoft.entra.roleDefinition","2026-02-07T17:42:58Z"
"https://learn.microsoft.com/en-us/graph/utcm-entra-resources#roleeligibilityschedulerequest-resource-type","Directory.Read.All, RoleEligibilitySchedule.Read.Directory, RoleEligibilitySchedule.ReadWrite.Directory","Read: RoleEligibilitySchedule.Read.Directory, Directory.Read.All | Update: RoleEligibilitySchedule.ReadWrite.Directory, Directory.Read.All","entra","roleEligibilityScheduleRequest","Role Eligibility Schedule Request","microsoft.entra.roleEligibilityScheduleRequest","2026-02-07T17:42:58Z"
"https://learn.microsoft.com/en-us/graph/utcm-entra-resources#rolesetting-resource-type","Group.Read.All, RoleManagement.Read.Directory, RoleManagement.ReadWrite.Directory, RoleManagementPolicy.Read.Directory, RoleManagementPolicy.ReadWrite.Directory, User.Read.All","Read: Group.Read.All, RoleManagement.Read.Directory, User.Read.All, RoleManagementPolicy.Read.Directory | Update: Group.Read.All, RoleManagement.ReadWrite.Directory, User.Read.All, RoleManagementPolicy.ReadWrite.Directory","entra","roleSetting","Role Setting","microsoft.entra.roleSetting","2026-02-07T17:42:58Z"
"https://learn.microsoft.com/en-us/graph/utcm-entra-resources#securitydefaults-resource-type","Policy.Read.All, Policy.ReadWrite.SecurityDefaults","Read: Policy.Read.All | Update: Policy.ReadWrite.SecurityDefaults","entra","securityDefaults","Security Defaults","microsoft.entra.securityDefaults","2026-02-07T17:42:58Z"
"https://learn.microsoft.com/en-us/graph/utcm-entra-resources#serviceprincipal-resource-type","Application.Read.All, Application.ReadWrite.All, Group.Read.All, User.Read.All","Read: Application.Read.All, Group.Read.All, User.Read.All | Update: Application.ReadWrite.All, Group.Read.All, User.Read.All","entra","servicePrincipal","Service Principal","microsoft.entra.servicePrincipal","2026-02-07T17:42:58Z"
"https://learn.microsoft.com/en-us/graph/utcm-entra-resources#socialidentityprovider-resource-type","IdentityProvider.Read.All, IdentityProvider.ReadWrite.All","Read: IdentityProvider.Read.All | Update: IdentityProvider.ReadWrite.All","entra","socialIdentityProvider","Social Identity Provider","microsoft.entra.socialIdentityProvider","2026-02-07T17:42:58Z"
"https://learn.microsoft.com/en-us/graph/utcm-entra-resources#tenantdetails-resource-type","Organization.Read.All, Organization.ReadWrite.All","Read: Organization.Read.All | Update: Organization.ReadWrite.All","entra","tenantDetails","Tenant Details","microsoft.entra.tenantDetails","2026-02-07T17:42:58Z"
"https://learn.microsoft.com/en-us/graph/utcm-entra-resources#tokenlifetimepolicy-resource-type","Policy.Read.All, Policy.ReadWrite.ApplicationConfiguration","Read: Policy.Read.All | Update: Policy.ReadWrite.ApplicationConfiguration","entra","tokenLifetimePolicy","Token Lifetime Policy","microsoft.entra.tokenLifetimePolicy","2026-02-07T17:42:58Z"
"https://learn.microsoft.com/en-us/graph/utcm-entra-resources#user-resource-type","Group.ReadWrite.All, GroupMember.ReadWrite.All, Organization.Read.All, RoleManagement.Read.Directory, RoleManagement.ReadWrite.Directory, User.EnableDisableAccount.All, User.Read.All, User.ReadWrite.All","Read: RoleManagement.Read.Directory, User.Read.All | Update: Organization.Read.All, RoleManagement.ReadWrite.Directory, User.EnableDisableAccount.All, User.ReadWrite.All, Group.ReadWrite.All, GroupMember.ReadWrite.All","entra","user","User","microsoft.entra.user","2026-02-07T17:42:58Z"
"https://learn.microsoft.com/en-us/graph/utcm-securityandcompliance-resources#autosensitivitylabelpolicy-resource-type","","","securityandcompliance","autoSensitivityLabelPolicy","Auto Sensitivity Label Policy","microsoft.securityandcompliance.autoSensitivityLabelPolicy","2026-02-07T17:42:58Z"
"https://learn.microsoft.com/en-us/graph/utcm-securityandcompliance-resources#caseholdpolicy-resource-type","","","securityandcompliance","caseHoldPolicy","Case Hold Policy","microsoft.securityandcompliance.caseHoldPolicy","2026-02-07T17:42:58Z"
"https://learn.microsoft.com/en-us/graph/utcm-securityandcompliance-resources#caseholdrule-resource-type","","","securityandcompliance","caseHoldRule","Case Hold Rule","microsoft.securityandcompliance.caseHoldRule","2026-02-07T17:42:58Z"
"https://learn.microsoft.com/en-us/graph/utcm-securityandcompliance-resources#compliancecase-resource-type","","","securityandcompliance","complianceCase","Compliance Case","microsoft.securityandcompliance.complianceCase","2026-02-07T17:42:58Z"
"https://learn.microsoft.com/en-us/graph/utcm-securityandcompliance-resources#compliancesearch-resource-type","","","securityandcompliance","complianceSearch","Compliance Search","microsoft.securityandcompliance.complianceSearch","2026-02-07T17:42:58Z"
"https://learn.microsoft.com/en-us/graph/utcm-securityandcompliance-resources#compliancesearchaction-resource-type","","","securityandcompliance","complianceSearchAction","Compliance Search Action","microsoft.securityandcompliance.complianceSearchAction","2026-02-07T17:42:58Z"
"https://learn.microsoft.com/en-us/graph/utcm-securityandcompliance-resources#compliancetag-resource-type","","","securityandcompliance","complianceTag","Compliance Tag","microsoft.securityandcompliance.complianceTag","2026-02-07T17:42:58Z"
"https://learn.microsoft.com/en-us/graph/utcm-securityandcompliance-resources#deviceconditionalaccesspolicy-resource-type","","","securityandcompliance","deviceConditionalAccessPolicy","Device Conditional Access Policy","microsoft.securityandcompliance.deviceConditionalAccessPolicy","2026-02-07T17:42:58Z"
"https://learn.microsoft.com/en-us/graph/utcm-securityandcompliance-resources#deviceconfigurationpolicy-resource-type","","","securityandcompliance","deviceConfigurationPolicy","Device Configuration Policy","microsoft.securityandcompliance.deviceConfigurationPolicy","2026-02-07T17:42:58Z"
"https://learn.microsoft.com/en-us/graph/utcm-securityandcompliance-resources#dlpcompliancepolicy-resource-type","","","securityandcompliance","dlpCompliancePolicy","Dlp Compliance Policy","microsoft.securityandcompliance.dlpCompliancePolicy","2026-02-07T17:42:58Z"
"https://learn.microsoft.com/en-us/graph/utcm-securityandcompliance-resources#fileplanpropertyauthority-resource-type","","","securityandcompliance","filePlanPropertyAuthority","File Plan Property Authority","microsoft.securityandcompliance.filePlanPropertyAuthority","2026-02-07T17:42:58Z"
"https://learn.microsoft.com/en-us/graph/utcm-securityandcompliance-resources#fileplanpropertycategory-resource-type","","","securityandcompliance","filePlanPropertyCategory","File Plan Property Category","microsoft.securityandcompliance.filePlanPropertyCategory","2026-02-07T17:42:58Z"
"https://learn.microsoft.com/en-us/graph/utcm-securityandcompliance-resources#fileplanpropertycitation-resource-type","","","securityandcompliance","filePlanPropertyCitation","File Plan Property Citation","microsoft.securityandcompliance.filePlanPropertyCitation","2026-02-07T17:42:58Z"
"https://learn.microsoft.com/en-us/graph/utcm-securityandcompliance-resources#fileplanpropertydepartment-resource-type","","","securityandcompliance","filePlanPropertyDepartment","File Plan Property Department","microsoft.securityandcompliance.filePlanPropertyDepartment","2026-02-07T17:42:58Z"
"https://learn.microsoft.com/en-us/graph/utcm-securityandcompliance-resources#fileplanpropertyreferenceid-resource-type","","","securityandcompliance","filePlanPropertyReferenceId","File Plan Property Reference ID","microsoft.securityandcompliance.filePlanPropertyReferenceId","2026-02-07T17:42:58Z"
"https://learn.microsoft.com/en-us/graph/utcm-securityandcompliance-resources#fileplanpropertysubcategory-resource-type","","","securityandcompliance","filePlanPropertySubCategory","File Plan Property Sub Category","microsoft.securityandcompliance.filePlanPropertySubCategory","2026-02-07T17:42:58Z"
"https://learn.microsoft.com/en-us/graph/utcm-securityandcompliance-resources#labelpolicy-resource-type","","","securityandcompliance","labelPolicy","Label Policy","microsoft.securityandcompliance.labelPolicy","2026-02-07T17:42:58Z"
"https://learn.microsoft.com/en-us/graph/utcm-securityandcompliance-resources#protectionalert-resource-type","","","securityandcompliance","protectionAlert","Protection Alert","microsoft.securityandcompliance.protectionAlert","2026-02-07T17:42:58Z"
"https://learn.microsoft.com/en-us/graph/utcm-securityandcompliance-resources#retentioncompliancepolicy-resource-type","","","securityandcompliance","retentionCompliancePolicy","Retention Compliance Policy","microsoft.securityandcompliance.retentionCompliancePolicy","2026-02-07T17:42:58Z"
"https://learn.microsoft.com/en-us/graph/utcm-securityandcompliance-resources#retentioncompliancerule-resource-type","","","securityandcompliance","retentionComplianceRule","Retention Compliance Rule","microsoft.securityandcompliance.retentionComplianceRule","2026-02-07T17:42:58Z"
"https://learn.microsoft.com/en-us/graph/utcm-securityandcompliance-resources#retentioneventtype-resource-type","","","securityandcompliance","retentionEventType","Retention Event Type","microsoft.securityandcompliance.retentionEventType","2026-02-07T17:42:58Z"
"https://learn.microsoft.com/en-us/graph/utcm-securityandcompliance-resources#securityfilter-resource-type","","","securityandcompliance","securityFilter","Security Filter","microsoft.securityandcompliance.securityFilter","2026-02-07T17:42:58Z"
"https://learn.microsoft.com/en-us/graph/utcm-securityandcompliance-resources#supervisoryreviewpolicy-resource-type","","","securityandcompliance","supervisoryReviewPolicy","Supervisory Review Policy","microsoft.securityandcompliance.supervisoryReviewPolicy","2026-02-07T17:42:58Z"
"https://learn.microsoft.com/en-us/graph/utcm-securityandcompliance-resources#supervisoryreviewrule-resource-type","","","securityandcompliance","supervisoryReviewRule","Supervisory Review Rule","microsoft.securityandcompliance.supervisoryReviewRule","2026-02-07T17:42:58Z"
"https://learn.microsoft.com/en-us/graph/utcm-teams-resources#apppermissionpolicy-resource-type","Organization.Read.All","Read: Organization.Read.All | Update: Organization.Read.All","teams","appPermissionPolicy","App Permission Policy","microsoft.teams.appPermissionPolicy","2026-02-07T17:42:58Z"
"https://learn.microsoft.com/en-us/graph/utcm-teams-resources#appsetuppolicy-resource-type","Organization.Read.All","Read: Organization.Read.All | Update: Organization.Read.All","teams","appSetupPolicy","App Setup Policy","microsoft.teams.appSetupPolicy","2026-02-07T17:42:58Z"
"https://learn.microsoft.com/en-us/graph/utcm-teams-resources#audioconferencingpolicy-resource-type","Organization.Read.All","Read: Organization.Read.All | Update: Organization.Read.All","teams","audioConferencingPolicy","Audio Conferencing Policy","microsoft.teams.audioConferencingPolicy","2026-02-07T17:42:58Z"
"https://learn.microsoft.com/en-us/graph/utcm-teams-resources#callholdpolicy-resource-type","Organization.Read.All","Read: Organization.Read.All | Update: Organization.Read.All","teams","callHoldPolicy","Call Hold Policy","microsoft.teams.callHoldPolicy","2026-02-07T17:42:58Z"
"https://learn.microsoft.com/en-us/graph/utcm-teams-resources#callingpolicy-resource-type","Organization.Read.All","Read: Organization.Read.All | Update: Organization.Read.All","teams","callingPolicy","Calling Policy","microsoft.teams.callingPolicy","2026-02-07T17:42:58Z"
"https://learn.microsoft.com/en-us/graph/utcm-teams-resources#callparkpolicy-resource-type","Organization.Read.All","Read: Organization.Read.All | Update: Organization.Read.All","teams","callParkPolicy","Call Park Policy","microsoft.teams.callParkPolicy","2026-02-07T17:42:58Z"
"https://learn.microsoft.com/en-us/graph/utcm-teams-resources#callqueue-resource-type","Organization.Read.All","Read: Organization.Read.All | Update: Organization.Read.All","teams","callQueue","Call Queue","microsoft.teams.callQueue","2026-02-07T17:42:58Z"
"https://learn.microsoft.com/en-us/graph/utcm-teams-resources#channelspolicy-resource-type","Organization.Read.All","Read: Organization.Read.All | Update: Organization.Read.All","teams","channelsPolicy","Channels Policy","microsoft.teams.channelsPolicy","2026-02-07T17:42:58Z"
"https://learn.microsoft.com/en-us/graph/utcm-teams-resources#clientconfiguration-resource-type","Organization.Read.All","Read: Organization.Read.All | Update: Organization.Read.All","teams","clientConfiguration","Client Configuration","microsoft.teams.clientConfiguration","2026-02-07T17:42:58Z"
"https://learn.microsoft.com/en-us/graph/utcm-teams-resources#compliancerecordingpolicy-resource-type","Organization.Read.All","Read: Organization.Read.All | Update: Organization.Read.All","teams","complianceRecordingPolicy","Compliance Recording Policy","microsoft.teams.complianceRecordingPolicy","2026-02-07T17:42:58Z"
"https://learn.microsoft.com/en-us/graph/utcm-teams-resources#cortanapolicy-resource-type","Organization.Read.All","Read: Organization.Read.All | Update: Organization.Read.All","teams","cortanaPolicy","Cortana Policy","microsoft.teams.cortanaPolicy","2026-02-07T17:42:58Z"
"https://learn.microsoft.com/en-us/graph/utcm-teams-resources#dialinconferencingtenantsettings-resource-type","Organization.Read.All","Read: Organization.Read.All | Update: Organization.Read.All","teams","dialInConferencingTenantSettings","Dial In Conferencing Tenant Settings","microsoft.teams.dialInConferencingTenantSettings","2026-02-07T17:42:58Z"
"https://learn.microsoft.com/en-us/graph/utcm-teams-resources#emergencycallingpolicy-resource-type","Organization.Read.All","Read: Organization.Read.All | Update: Organization.Read.All","teams","emergencyCallingPolicy","Emergency Calling Policy","microsoft.teams.emergencyCallingPolicy","2026-02-07T17:42:58Z"
"https://learn.microsoft.com/en-us/graph/utcm-teams-resources#emergencycallroutingpolicy-resource-type","Organization.Read.All","Read: Organization.Read.All | Update: Organization.Read.All","teams","emergencyCallRoutingPolicy","Emergency Call Routing Policy","microsoft.teams.emergencyCallRoutingPolicy","2026-02-07T17:42:58Z"
"https://learn.microsoft.com/en-us/graph/utcm-teams-resources#enhancedencryptionpolicy-resource-type","Organization.Read.All","Read: Organization.Read.All | Update: Organization.Read.All","teams","enhancedEncryptionPolicy","Enhanced Encryption Policy","microsoft.teams.enhancedEncryptionPolicy","2026-02-07T17:42:58Z"
"https://learn.microsoft.com/en-us/graph/utcm-teams-resources#eventspolicy-resource-type","Organization.Read.All","Read: Organization.Read.All | Update: Organization.Read.All","teams","eventsPolicy","Events Policy","microsoft.teams.eventsPolicy","2026-02-07T17:42:58Z"
"https://learn.microsoft.com/en-us/graph/utcm-teams-resources#federationconfiguration-resource-type","Organization.Read.All","Read: Organization.Read.All | Update: Organization.Read.All","teams","federationConfiguration","Federation Configuration","microsoft.teams.federationConfiguration","2026-02-07T17:42:58Z"
"https://learn.microsoft.com/en-us/graph/utcm-teams-resources#feedbackpolicy-resource-type","Organization.Read.All","Read: Organization.Read.All | Update: Organization.Read.All","teams","feedbackPolicy","Feedback Policy","microsoft.teams.feedbackPolicy","2026-02-07T17:42:58Z"
"https://learn.microsoft.com/en-us/graph/utcm-teams-resources#filespolicy-resource-type","Organization.Read.All","Read: Organization.Read.All | Update: Organization.Read.All","teams","filesPolicy","Files Policy","microsoft.teams.filesPolicy","2026-02-07T17:42:58Z"
"https://learn.microsoft.com/en-us/graph/utcm-teams-resources#grouppolicyassignment-resource-type","Organization.Read.All","Read: Organization.Read.All | Update: Organization.Read.All","teams","groupPolicyAssignment","Group Policy Assignment","microsoft.teams.groupPolicyAssignment","2026-02-07T17:42:58Z"
"https://learn.microsoft.com/en-us/graph/utcm-teams-resources#guestcallingconfiguration-resource-type","Organization.Read.All","Read: Organization.Read.All | Update: Organization.Read.All","teams","guestCallingConfiguration","Guest Calling Configuration","microsoft.teams.guestCallingConfiguration","2026-02-07T17:42:58Z"
"https://learn.microsoft.com/en-us/graph/utcm-teams-resources#guestmeetingconfiguration-resource-type","Organization.Read.All","Read: Organization.Read.All | Update: Organization.Read.All","teams","guestMeetingConfiguration","Guest Meeting Configuration","microsoft.teams.guestMeetingConfiguration","2026-02-07T17:42:58Z"
"https://learn.microsoft.com/en-us/graph/utcm-teams-resources#guestmessagingconfiguration-resource-type","Organization.Read.All","Read: Organization.Read.All | Update: Organization.Read.All","teams","guestMessagingConfiguration","Guest Messaging Configuration","microsoft.teams.guestMessagingConfiguration","2026-02-07T17:42:58Z"
"https://learn.microsoft.com/en-us/graph/utcm-teams-resources#ipphonepolicy-resource-type","Organization.Read.All","Read: Organization.Read.All | Update: Organization.Read.All","teams","ipPhonePolicy","IP Phone Policy","microsoft.teams.ipPhonePolicy","2026-02-07T17:42:58Z"
"https://learn.microsoft.com/en-us/graph/utcm-teams-resources#meetingbroadcastconfiguration-resource-type","Organization.Read.All","Read: Organization.Read.All | Update: Organization.Read.All","teams","meetingBroadcastConfiguration","Meeting Broadcast Configuration","microsoft.teams.meetingBroadcastConfiguration","2026-02-07T17:42:58Z"
"https://learn.microsoft.com/en-us/graph/utcm-teams-resources#meetingbroadcastpolicy-resource-type","Organization.Read.All","Read: Organization.Read.All | Update: Organization.Read.All","teams","meetingBroadcastPolicy","Meeting Broadcast Policy","microsoft.teams.meetingBroadcastPolicy","2026-02-07T17:42:58Z"
"https://learn.microsoft.com/en-us/graph/utcm-teams-resources#meetingconfiguration-resource-type","Organization.Read.All","Read: Organization.Read.All | Update: Organization.Read.All","teams","meetingConfiguration","Meeting Configuration","microsoft.teams.meetingConfiguration","2026-02-07T17:42:58Z"
"https://learn.microsoft.com/en-us/graph/utcm-teams-resources#meetingpolicy-resource-type","Organization.Read.All","Read: Organization.Read.All | Update: Organization.Read.All","teams","meetingPolicy","Meeting Policy","microsoft.teams.meetingPolicy","2026-02-07T17:42:58Z"
"https://learn.microsoft.com/en-us/graph/utcm-teams-resources#messagingpolicy-resource-type","Organization.Read.All","Read: Organization.Read.All | Update: Organization.Read.All","teams","messagingPolicy","Messaging Policy","microsoft.teams.messagingPolicy","2026-02-07T17:42:58Z"
"https://learn.microsoft.com/en-us/graph/utcm-teams-resources#mobilitypolicy-resource-type","Organization.Read.All","Read: Organization.Read.All | Update: Organization.Read.All","teams","mobilityPolicy","Mobility Policy","microsoft.teams.mobilityPolicy","2026-02-07T17:42:58Z"
"https://learn.microsoft.com/en-us/graph/utcm-teams-resources#networkroamingpolicy-resource-type","Organization.Read.All","Read: Organization.Read.All | Update: Organization.Read.All","teams","networkRoamingPolicy","Network Roaming Policy","microsoft.teams.networkRoamingPolicy","2026-02-07T17:42:58Z"
"https://learn.microsoft.com/en-us/graph/utcm-teams-resources#onlinevoicemailpolicy-resource-type","Organization.Read.All","Read: Organization.Read.All | Update: Organization.Read.All","teams","onlineVoicemailPolicy","Online Voicemail Policy","microsoft.teams.onlineVoicemailPolicy","2026-02-07T17:42:58Z"
"https://learn.microsoft.com/en-us/graph/utcm-teams-resources#onlinevoicemailusersettings-resource-type","Organization.Read.All","Read: Organization.Read.All | Update: Organization.Read.All","teams","onlineVoicemailUserSettings","Online Voicemail User Settings","microsoft.teams.onlineVoicemailUserSettings","2026-02-07T17:42:58Z"
"https://learn.microsoft.com/en-us/graph/utcm-teams-resources#onlinevoiceuser-resource-type","Organization.Read.All","Read: Organization.Read.All | Update: Organization.Read.All","teams","onlineVoiceUser","Online Voice User","microsoft.teams.onlineVoiceUser","2026-02-07T17:42:58Z"
"https://learn.microsoft.com/en-us/graph/utcm-teams-resources#pstnusage-resource-type","Organization.Read.All","Read: Organization.Read.All | Update: Organization.Read.All","teams","pstnUsage","Pstn Usage","microsoft.teams.pstnUsage","2026-02-07T17:42:58Z"
"https://learn.microsoft.com/en-us/graph/utcm-teams-resources#shiftspolicy-resource-type","Organization.Read.All","Read: Organization.Read.All | Update: Organization.Read.All","teams","shiftsPolicy","Shifts Policy","microsoft.teams.shiftsPolicy","2026-02-07T17:42:58Z"
"https://learn.microsoft.com/en-us/graph/utcm-teams-resources#templatespolicy-resource-type","Organization.Read.All","Read: Organization.Read.All | Update: Organization.Read.All","teams","templatesPolicy","Templates Policy","microsoft.teams.templatesPolicy","2026-02-07T17:42:58Z"
"https://learn.microsoft.com/en-us/graph/utcm-teams-resources#tenantdialplan-resource-type","Organization.Read.All","Read: Organization.Read.All | Update: Organization.Read.All","teams","tenantDialPlan","Tenant Dial Plan","microsoft.teams.tenantDialPlan","2026-02-07T17:42:58Z"
"https://learn.microsoft.com/en-us/graph/utcm-teams-resources#tenantnetworkregion-resource-type","Organization.Read.All","Read: Organization.Read.All | Update: Organization.Read.All","teams","tenantNetworkRegion","Tenant Network Region","microsoft.teams.tenantNetworkRegion","2026-02-07T17:42:58Z"
"https://learn.microsoft.com/en-us/graph/utcm-teams-resources#tenantnetworksite-resource-type","Organization.Read.All","Read: Organization.Read.All | Update: Organization.Read.All","teams","tenantNetworkSite","Tenant Network Site","microsoft.teams.tenantNetworkSite","2026-02-07T17:42:58Z"
"https://learn.microsoft.com/en-us/graph/utcm-teams-resources#tenantnetworksubnet-resource-type","Organization.Read.All","Read: Organization.Read.All | Update: Organization.Read.All","teams","tenantNetworkSubnet","Tenant Network Subnet","microsoft.teams.tenantNetworkSubnet","2026-02-07T17:42:58Z"
"https://learn.microsoft.com/en-us/graph/utcm-teams-resources#tenanttrustedipaddress-resource-type","Organization.Read.All","Read: Organization.Read.All | Update: Organization.Read.All","teams","tenantTrustedIPAddress","Tenant Trusted I P Address","microsoft.teams.tenantTrustedIPAddress","2026-02-07T17:42:58Z"
"https://learn.microsoft.com/en-us/graph/utcm-teams-resources#translationrule-resource-type","Organization.Read.All","Read: Organization.Read.All | Update: Organization.Read.All","teams","translationRule","Translation Rule","microsoft.teams.translationRule","2026-02-07T17:42:58Z"
"https://learn.microsoft.com/en-us/graph/utcm-teams-resources#unassignednumbertreatment-resource-type","Organization.Read.All","Read: Organization.Read.All | Update: Organization.Read.All","teams","unassignedNumberTreatment","Unassigned Number Treatment","microsoft.teams.unassignedNumberTreatment","2026-02-07T17:42:58Z"
"https://learn.microsoft.com/en-us/graph/utcm-teams-resources#updatemanagementpolicy-resource-type","Organization.Read.All","Read: Organization.Read.All | Update: Organization.Read.All","teams","updateManagementPolicy","Update Management Policy","microsoft.teams.updateManagementPolicy","2026-02-07T17:42:58Z"
"https://learn.microsoft.com/en-us/graph/utcm-teams-resources#upgradeconfiguration-resource-type","Organization.Read.All","Read: Organization.Read.All | Update: Organization.Read.All","teams","upgradeConfiguration","Upgrade Configuration","microsoft.teams.upgradeConfiguration","2026-02-07T17:42:58Z"
"https://learn.microsoft.com/en-us/graph/utcm-teams-resources#upgradepolicy-resource-type","Organization.Read.All","Read: Organization.Read.All | Update: Organization.Read.All","teams","upgradePolicy","Upgrade Policy","microsoft.teams.upgradePolicy","2026-02-07T17:42:58Z"
"https://learn.microsoft.com/en-us/graph/utcm-teams-resources#user-resource-type","Organization.Read.All, Team.ReadBasic.All","Read: Organization.Read.All, Team.ReadBasic.All | Update: Organization.Read.All, Team.ReadBasic.All","teams","user","User","microsoft.teams.user","2026-02-07T17:42:58Z"
"https://learn.microsoft.com/en-us/graph/utcm-teams-resources#usercallingsettings-resource-type","Organization.Read.All","Read: Organization.Read.All | Update: Organization.Read.All","teams","userCallingSettings","User Calling Settings","microsoft.teams.userCallingSettings","2026-02-07T17:42:58Z"
"https://learn.microsoft.com/en-us/graph/utcm-teams-resources#userpolicyassignment-resource-type","Organization.Read.All","Read: Organization.Read.All | Update: Organization.Read.All","teams","userPolicyAssignment","User Policy Assignment","microsoft.teams.userPolicyAssignment","2026-02-07T17:42:58Z"
"https://learn.microsoft.com/en-us/graph/utcm-teams-resources#vdipolicy-resource-type","Organization.Read.All","Read: Organization.Read.All | Update: Organization.Read.All","teams","vdiPolicy","Vdi Policy","microsoft.teams.vdiPolicy","2026-02-07T17:42:58Z"
"https://learn.microsoft.com/en-us/graph/utcm-teams-resources#voiceroute-resource-type","Organization.Read.All","Read: Organization.Read.All | Update: Organization.Read.All","teams","voiceRoute","Voice Route","microsoft.teams.voiceRoute","2026-02-07T17:42:58Z"
"https://learn.microsoft.com/en-us/graph/utcm-teams-resources#voiceroutingpolicy-resource-type","Organization.Read.All","Read: Organization.Read.All | Update: Organization.Read.All","teams","voiceRoutingPolicy","Voice Routing Policy","microsoft.teams.voiceRoutingPolicy","2026-02-07T17:42:58Z"
"https://learn.microsoft.com/en-us/graph/utcm-teams-resources#workloadpolicy-resource-type","Organization.Read.All","Read: Organization.Read.All | Update: Organization.Read.All","teams","workloadPolicy","Workload Policy","microsoft.teams.workloadPolicy","2026-02-07T17:42:58Z"
