"AnchorUrl","ApplicationPermissions","OperationPermissions","ResourceType","OriginalName","PrefixedName","LastUpdated"
"https://learn.microsoft.com/en-us/graph/utcm-intune-resources#accountprotectionlocalusergroupmembershippolicy-resource-type","DeviceManagementConfiguration.Read.All, DeviceManagementConfiguration.ReadWrite.All, Group.Read.All","Read: Group.Read.All, DeviceManagementConfiguration.Read.All | Update: Group.Read.All, DeviceManagementConfiguration.ReadWrite.All","intune","accountprotectionlocalusergroupmembershippolicy","microsoft.intune.accountprotectionlocalusergroupmembershippolicy","2026-02-06T10:47:30Z"
"https://learn.microsoft.com/en-us/graph/utcm-intune-resources#accountProtectionLocalUserGroupMembershipPolicy-resource-type","DeviceManagementConfiguration.Read.All, DeviceManagementConfiguration.ReadWrite.All, Group.Read.All","Read: Group.Read.All, DeviceManagementConfiguration.Read.All | Update: Group.Read.All, DeviceManagementConfiguration.ReadWrite.All","intune","accountProtectionLocalUserGroupMembershipPolicy","microsoft.intune.accountProtectionLocalUserGroupMembershipPolicy","2026-02-06T10:47:31Z"
"https://learn.microsoft.com/en-us/graph/utcm-intune-resources#accountprotectionpolicy-resource-type","DeviceManagementConfiguration.Read.All, DeviceManagementConfiguration.ReadWrite.All, Group.Read.All","Read: Group.Read.All, DeviceManagementConfiguration.Read.All | Update: DeviceManagementConfiguration.ReadWrite.All","intune","accountprotectionpolicy","microsoft.intune.accountprotectionpolicy","2026-02-06T10:47:31Z"
"https://learn.microsoft.com/en-us/graph/utcm-intune-resources#accountProtectionPolicy-resource-type","DeviceManagementConfiguration.Read.All, DeviceManagementConfiguration.ReadWrite.All, Group.Read.All","Read: Group.Read.All, DeviceManagementConfiguration.Read.All | Update: DeviceManagementConfiguration.ReadWrite.All","intune","accountProtectionPolicy","microsoft.intune.accountProtectionPolicy","2026-02-06T10:47:31Z"
"https://learn.microsoft.com/en-us/graph/utcm-intune-resources#antiviruspolicywindows10settingcatalog-resource-type","DeviceManagementConfiguration.Read.All, DeviceManagementConfiguration.ReadWrite.All, Group.Read.All","Read: Group.Read.All, DeviceManagementConfiguration.Read.All | Update: Group.Read.All, DeviceManagementConfiguration.ReadWrite.All","intune","antiviruspolicywindows10settingcatalog","microsoft.intune.antiviruspolicywindows10settingcatalog","2026-02-06T10:47:31Z"
"https://learn.microsoft.com/en-us/graph/utcm-intune-resources#antivirusPolicyWindows10SettingCatalog-resource-type","DeviceManagementConfiguration.Read.All, DeviceManagementConfiguration.ReadWrite.All, Group.Read.All","Read: Group.Read.All, DeviceManagementConfiguration.Read.All | Update: Group.Read.All, DeviceManagementConfiguration.ReadWrite.All","intune","antivirusPolicyWindows10SettingCatalog","microsoft.intune.antivirusPolicyWindows10SettingCatalog","2026-02-06T10:47:31Z"
"https://learn.microsoft.com/en-us/graph/utcm-intune-resources#appconfigurationpolicy-resource-type","DeviceManagementApps.Read.All, DeviceManagementApps.ReadWrite.All, Group.Read.All","Read: Group.Read.All, DeviceManagementApps.Read.All | Update: Group.Read.All, DeviceManagementApps.ReadWrite.All","intune","appconfigurationpolicy","microsoft.intune.appconfigurationpolicy","2026-02-06T10:47:31Z"
"https://learn.microsoft.com/en-us/graph/utcm-intune-resources#appConfigurationPolicy-resource-type","DeviceManagementApps.Read.All, DeviceManagementApps.ReadWrite.All, Group.Read.All","Read: Group.Read.All, DeviceManagementApps.Read.All | Update: Group.Read.All, DeviceManagementApps.ReadWrite.All","intune","appConfigurationPolicy","microsoft.intune.appConfigurationPolicy","2026-02-06T10:47:31Z"
"https://learn.microsoft.com/en-us/graph/utcm-intune-resources#applicationcontrolpolicywindows10-resource-type","DeviceManagementConfiguration.Read.All, DeviceManagementConfiguration.ReadWrite.All, Group.Read.All","Read: Group.Read.All, DeviceManagementConfiguration.Read.All | Update: Group.Read.All, DeviceManagementConfiguration.ReadWrite.All","intune","applicationcontrolpolicywindows10","microsoft.intune.applicationcontrolpolicywindows10","2026-02-06T10:47:31Z"
"https://learn.microsoft.com/en-us/graph/utcm-intune-resources#applicationControlPolicyWindows10-resource-type","DeviceManagementConfiguration.Read.All, DeviceManagementConfiguration.ReadWrite.All, Group.Read.All","Read: Group.Read.All, DeviceManagementConfiguration.Read.All | Update: Group.Read.All, DeviceManagementConfiguration.ReadWrite.All","intune","applicationControlPolicyWindows10","microsoft.intune.applicationControlPolicyWindows10","2026-02-06T10:47:31Z"
"https://learn.microsoft.com/en-us/graph/utcm-intune-resources#appProtectionPolicyAndroid-resource-type","DeviceManagementApps.Read.All, DeviceManagementApps.ReadWrite.All, Group.Read.All","Read: Group.Read.All, DeviceManagementApps.Read.All | Update: Group.Read.All, DeviceManagementApps.ReadWrite.All","intune","appProtectionPolicyAndroid","microsoft.intune.appProtectionPolicyAndroid","2026-02-06T10:47:31Z"
"https://learn.microsoft.com/en-us/graph/utcm-intune-resources#appprotectionpolicyandroid-resource-type","DeviceManagementApps.Read.All, DeviceManagementApps.ReadWrite.All, Group.Read.All","Read: Group.Read.All, DeviceManagementApps.Read.All | Update: Group.Read.All, DeviceManagementApps.ReadWrite.All","intune","appprotectionpolicyandroid","microsoft.intune.appprotectionpolicyandroid","2026-02-06T10:47:31Z"
"https://learn.microsoft.com/en-us/graph/utcm-intune-resources#appProtectionPolicyiOS-resource-type","DeviceManagementApps.Read.All, DeviceManagementApps.ReadWrite.All, Group.Read.All","Read: Group.Read.All, DeviceManagementApps.Read.All | Update: Group.Read.All, DeviceManagementApps.ReadWrite.All","intune","appProtectionPolicyiOS","microsoft.intune.appProtectionPolicyiOS","2026-02-06T10:47:31Z"
"https://learn.microsoft.com/en-us/graph/utcm-intune-resources#appprotectionpolicyios-resource-type","DeviceManagementApps.Read.All, DeviceManagementApps.ReadWrite.All, Group.Read.All","Read: Group.Read.All, DeviceManagementApps.Read.All | Update: Group.Read.All, DeviceManagementApps.ReadWrite.All","intune","appprotectionpolicyios","microsoft.intune.appprotectionpolicyios","2026-02-06T10:47:31Z"
"https://learn.microsoft.com/en-us/graph/utcm-intune-resources#attackSurfaceReductionRulesPolicyWindows10ConfigManager-resource-type","DeviceManagementConfiguration.Read.All, DeviceManagementConfiguration.ReadWrite.All, Group.Read.All","Read: Group.Read.All, DeviceManagementConfiguration.Read.All | Update: Group.Read.All, DeviceManagementConfiguration.ReadWrite.All","intune","attackSurfaceReductionRulesPolicyWindows10ConfigManager","microsoft.intune.attackSurfaceReductionRulesPolicyWindows10ConfigManager","2026-02-06T10:47:31Z"
"https://learn.microsoft.com/en-us/graph/utcm-intune-resources#attacksurfacereductionrulespolicywindows10configmanager-resource-type","DeviceManagementConfiguration.Read.All, DeviceManagementConfiguration.ReadWrite.All, Group.Read.All","Read: Group.Read.All, DeviceManagementConfiguration.Read.All | Update: Group.Read.All, DeviceManagementConfiguration.ReadWrite.All","intune","attacksurfacereductionrulespolicywindows10configmanager","microsoft.intune.attacksurfacereductionrulespolicywindows10configmanager","2026-02-06T10:47:31Z"
"https://learn.microsoft.com/en-us/graph/utcm-intune-resources#deviceAndAppManagementAssignmentFilter-resource-type","DeviceManagementConfiguration.Read.All, DeviceManagementConfiguration.ReadWrite.All","Read: DeviceManagementConfiguration.Read.All | Update: DeviceManagementConfiguration.ReadWrite.All","intune","deviceAndAppManagementAssignmentFilter","microsoft.intune.deviceAndAppManagementAssignmentFilter","2026-02-06T10:47:31Z"
"https://learn.microsoft.com/en-us/graph/utcm-intune-resources#deviceandappmanagementassignmentfilter-resource-type","DeviceManagementConfiguration.Read.All, DeviceManagementConfiguration.ReadWrite.All","Read: DeviceManagementConfiguration.Read.All | Update: DeviceManagementConfiguration.ReadWrite.All","intune","deviceandappmanagementassignmentfilter","microsoft.intune.deviceandappmanagementassignmentfilter","2026-02-06T10:47:31Z"
"https://learn.microsoft.com/en-us/graph/utcm-intune-resources#deviceCategory-resource-type","DeviceManagementManagedDevices.Read.All, DeviceManagementManagedDevices.ReadWrite.All","Read: DeviceManagementManagedDevices.Read.All | Update: DeviceManagementManagedDevices.ReadWrite.All","intune","deviceCategory","microsoft.intune.deviceCategory","2026-02-06T10:47:31Z"
"https://learn.microsoft.com/en-us/graph/utcm-intune-resources#devicecategory-resource-type","DeviceManagementManagedDevices.Read.All, DeviceManagementManagedDevices.ReadWrite.All","Read: DeviceManagementManagedDevices.Read.All | Update: DeviceManagementManagedDevices.ReadWrite.All","intune","devicecategory","microsoft.intune.devicecategory","2026-02-06T10:47:31Z"
"https://learn.microsoft.com/en-us/graph/utcm-intune-resources#devicecleanuprule-resource-type","DeviceManagementManagedDevices.Read.All, DeviceManagementManagedDevices.ReadWrite.All","Read: DeviceManagementManagedDevices.Read.All | Update: DeviceManagementManagedDevices.ReadWrite.All","intune","devicecleanuprule","microsoft.intune.devicecleanuprule","2026-02-06T10:47:31Z"
"https://learn.microsoft.com/en-us/graph/utcm-intune-resources#deviceCleanupRule-resource-type","DeviceManagementManagedDevices.Read.All, DeviceManagementManagedDevices.ReadWrite.All","Read: DeviceManagementManagedDevices.Read.All | Update: DeviceManagementManagedDevices.ReadWrite.All","intune","deviceCleanupRule","microsoft.intune.deviceCleanupRule","2026-02-06T10:47:31Z"
"https://learn.microsoft.com/en-us/graph/utcm-intune-resources#deviceCompliancePolicyAndroid-resource-type","DeviceManagementConfiguration.Read.All, DeviceManagementConfiguration.ReadWrite.All, Group.Read.All","Read: Group.Read.All, DeviceManagementConfiguration.Read.All | Update: DeviceManagementConfiguration.ReadWrite.All","intune","deviceCompliancePolicyAndroid","microsoft.intune.deviceCompliancePolicyAndroid","2026-02-06T10:47:31Z"
"https://learn.microsoft.com/en-us/graph/utcm-intune-resources#devicecompliancepolicyandroid-resource-type","DeviceManagementConfiguration.Read.All, DeviceManagementConfiguration.ReadWrite.All, Group.Read.All","Read: Group.Read.All, DeviceManagementConfiguration.Read.All | Update: DeviceManagementConfiguration.ReadWrite.All","intune","devicecompliancepolicyandroid","microsoft.intune.devicecompliancepolicyandroid","2026-02-06T10:47:31Z"
"https://learn.microsoft.com/en-us/graph/utcm-intune-resources#deviceCompliancePolicyAndroidDeviceOwner-resource-type","DeviceManagementConfiguration.Read.All, DeviceManagementConfiguration.ReadWrite.All, Group.Read.All","Read: Group.Read.All, DeviceManagementConfiguration.Read.All | Update: Group.Read.All, DeviceManagementConfiguration.ReadWrite.All","intune","deviceCompliancePolicyAndroidDeviceOwner","microsoft.intune.deviceCompliancePolicyAndroidDeviceOwner","2026-02-06T10:47:31Z"
"https://learn.microsoft.com/en-us/graph/utcm-intune-resources#devicecompliancepolicyandroiddeviceowner-resource-type","DeviceManagementConfiguration.Read.All, DeviceManagementConfiguration.ReadWrite.All, Group.Read.All","Read: Group.Read.All, DeviceManagementConfiguration.Read.All | Update: Group.Read.All, DeviceManagementConfiguration.ReadWrite.All","intune","devicecompliancepolicyandroiddeviceowner","microsoft.intune.devicecompliancepolicyandroiddeviceowner","2026-02-06T10:47:31Z"
"https://learn.microsoft.com/en-us/graph/utcm-intune-resources#deviceCompliancePolicyAndroidWorkProfile-resource-type","DeviceManagementConfiguration.Read.All, DeviceManagementConfiguration.ReadWrite.All, Group.Read.All","Read: Group.Read.All, DeviceManagementConfiguration.Read.All | Update: Group.Read.All, DeviceManagementConfiguration.ReadWrite.All","intune","deviceCompliancePolicyAndroidWorkProfile","microsoft.intune.deviceCompliancePolicyAndroidWorkProfile","2026-02-06T10:47:31Z"
"https://learn.microsoft.com/en-us/graph/utcm-intune-resources#devicecompliancepolicyandroidworkprofile-resource-type","DeviceManagementConfiguration.Read.All, DeviceManagementConfiguration.ReadWrite.All, Group.Read.All","Read: Group.Read.All, DeviceManagementConfiguration.Read.All | Update: Group.Read.All, DeviceManagementConfiguration.ReadWrite.All","intune","devicecompliancepolicyandroidworkprofile","microsoft.intune.devicecompliancepolicyandroidworkprofile","2026-02-06T10:47:31Z"
"https://learn.microsoft.com/en-us/graph/utcm-intune-resources#devicecompliancepolicyios-resource-type","DeviceManagementConfiguration.Read.All, DeviceManagementConfiguration.ReadWrite.All, Group.Read.All","Read: Group.Read.All, DeviceManagementConfiguration.Read.All | Update: Group.Read.All, DeviceManagementConfiguration.ReadWrite.All","intune","devicecompliancepolicyios","microsoft.intune.devicecompliancepolicyios","2026-02-06T10:47:31Z"
"https://learn.microsoft.com/en-us/graph/utcm-intune-resources#deviceCompliancePolicyiOS-resource-type","DeviceManagementConfiguration.Read.All, DeviceManagementConfiguration.ReadWrite.All, Group.Read.All","Read: Group.Read.All, DeviceManagementConfiguration.Read.All | Update: Group.Read.All, DeviceManagementConfiguration.ReadWrite.All","intune","deviceCompliancePolicyiOS","microsoft.intune.deviceCompliancePolicyiOS","2026-02-06T10:47:31Z"
"https://learn.microsoft.com/en-us/graph/utcm-intune-resources#devicecompliancepolicymacos-resource-type","DeviceManagementConfiguration.Read.All, DeviceManagementConfiguration.ReadWrite.All, Group.Read.All","Read: Group.Read.All, DeviceManagementConfiguration.Read.All | Update: Group.Read.All, DeviceManagementConfiguration.ReadWrite.All","intune","devicecompliancepolicymacos","microsoft.intune.devicecompliancepolicymacos","2026-02-06T10:47:31Z"
"https://learn.microsoft.com/en-us/graph/utcm-intune-resources#deviceCompliancePolicymacOS-resource-type","DeviceManagementConfiguration.Read.All, DeviceManagementConfiguration.ReadWrite.All, Group.Read.All","Read: Group.Read.All, DeviceManagementConfiguration.Read.All | Update: Group.Read.All, DeviceManagementConfiguration.ReadWrite.All","intune","deviceCompliancePolicymacOS","microsoft.intune.deviceCompliancePolicymacOS","2026-02-06T10:47:31Z"
"https://learn.microsoft.com/en-us/graph/utcm-intune-resources#devicecompliancepolicywindows10-resource-type","DeviceManagementConfiguration.Read.All, DeviceManagementConfiguration.ReadWrite.All, DeviceManagementScripts.Read.All, Group.Read.All","Read: Group.Read.All, DeviceManagementConfiguration.Read.All, DeviceManagementScripts.Read.All | Update: Group.Read.All, DeviceManagementConfiguration.ReadWrite.All","intune","devicecompliancepolicywindows10","microsoft.intune.devicecompliancepolicywindows10","2026-02-06T10:47:31Z"
"https://learn.microsoft.com/en-us/graph/utcm-intune-resources#deviceCompliancePolicyWindows10-resource-type","DeviceManagementConfiguration.Read.All, DeviceManagementConfiguration.ReadWrite.All, DeviceManagementScripts.Read.All, Group.Read.All","Read: Group.Read.All, DeviceManagementConfiguration.Read.All, DeviceManagementScripts.Read.All | Update: Group.Read.All, DeviceManagementConfiguration.ReadWrite.All","intune","deviceCompliancePolicyWindows10","microsoft.intune.deviceCompliancePolicyWindows10","2026-02-06T10:47:31Z"
"https://learn.microsoft.com/en-us/graph/utcm-intune-resources#deviceconfigurationadministrativetemplatepolicywindows10-resource-type","DeviceManagementConfiguration.Read.All, DeviceManagementConfiguration.ReadWrite.All, Group.Read.All","Read: Group.Read.All, DeviceManagementConfiguration.Read.All | Update: Group.Read.All, DeviceManagementConfiguration.ReadWrite.All","intune","deviceconfigurationadministrativetemplatepolicywindows10","microsoft.intune.deviceconfigurationadministrativetemplatepolicywindows10","2026-02-06T10:47:31Z"
"https://learn.microsoft.com/en-us/graph/utcm-intune-resources#deviceConfigurationAdministrativeTemplatePolicyWindows10-resource-type","DeviceManagementConfiguration.Read.All, DeviceManagementConfiguration.ReadWrite.All, Group.Read.All","Read: Group.Read.All, DeviceManagementConfiguration.Read.All | Update: Group.Read.All, DeviceManagementConfiguration.ReadWrite.All","intune","deviceConfigurationAdministrativeTemplatePolicyWindows10","microsoft.intune.deviceConfigurationAdministrativeTemplatePolicyWindows10","2026-02-06T10:47:31Z"
"https://learn.microsoft.com/en-us/graph/utcm-intune-resources#deviceconfigurationcustompolicywindows10-resource-type","DeviceManagementConfiguration.ReadWrite.All, Group.Read.All","Read: Group.Read.All, DeviceManagementConfiguration.ReadWrite.All | Update: Group.Read.All, DeviceManagementConfiguration.ReadWrite.All","intune","deviceconfigurationcustompolicywindows10","microsoft.intune.deviceconfigurationcustompolicywindows10","2026-02-06T10:47:31Z"
"https://learn.microsoft.com/en-us/graph/utcm-intune-resources#deviceConfigurationCustomPolicyWindows10-resource-type","DeviceManagementConfiguration.ReadWrite.All, Group.Read.All","Read: Group.Read.All, DeviceManagementConfiguration.ReadWrite.All | Update: Group.Read.All, DeviceManagementConfiguration.ReadWrite.All","intune","deviceConfigurationCustomPolicyWindows10","microsoft.intune.deviceConfigurationCustomPolicyWindows10","2026-02-06T10:47:31Z"
"https://learn.microsoft.com/en-us/graph/utcm-intune-resources#deviceconfigurationdefenderforendpointonboardingpolicywindows10-resource-type","DeviceManagementConfiguration.Read.All, DeviceManagementConfiguration.ReadWrite.All, Group.Read.All","Read: Group.Read.All, DeviceManagementConfiguration.Read.All | Update: Group.Read.All, DeviceManagementConfiguration.ReadWrite.All","intune","deviceconfigurationdefenderforendpointonboardingpolicywindows10","microsoft.intune.deviceconfigurationdefenderforendpointonboardingpolicywindows10","2026-02-06T10:47:31Z"
"https://learn.microsoft.com/en-us/graph/utcm-intune-resources#deviceConfigurationDefenderForEndpointOnboardingPolicyWindows10-resource-type","DeviceManagementConfiguration.Read.All, DeviceManagementConfiguration.ReadWrite.All, Group.Read.All","Read: Group.Read.All, DeviceManagementConfiguration.Read.All | Update: Group.Read.All, DeviceManagementConfiguration.ReadWrite.All","intune","deviceConfigurationDefenderForEndpointOnboardingPolicyWindows10","microsoft.intune.deviceConfigurationDefenderForEndpointOnboardingPolicyWindows10","2026-02-06T10:47:31Z"
"https://learn.microsoft.com/en-us/graph/utcm-intune-resources#deviceconfigurationdeliveryoptimizationpolicywindows10-resource-type","DeviceManagementConfiguration.Read.All, DeviceManagementConfiguration.ReadWrite.All, Group.Read.All","Read: Group.Read.All, DeviceManagementConfiguration.Read.All | Update: Group.Read.All, DeviceManagementConfiguration.ReadWrite.All","intune","deviceconfigurationdeliveryoptimizationpolicywindows10","microsoft.intune.deviceconfigurationdeliveryoptimizationpolicywindows10","2026-02-06T10:47:31Z"
"https://learn.microsoft.com/en-us/graph/utcm-intune-resources#deviceConfigurationDeliveryOptimizationPolicyWindows10-resource-type","DeviceManagementConfiguration.Read.All, DeviceManagementConfiguration.ReadWrite.All, Group.Read.All","Read: Group.Read.All, DeviceManagementConfiguration.Read.All | Update: Group.Read.All, DeviceManagementConfiguration.ReadWrite.All","intune","deviceConfigurationDeliveryOptimizationPolicyWindows10","microsoft.intune.deviceConfigurationDeliveryOptimizationPolicyWindows10","2026-02-06T10:47:31Z"
"https://learn.microsoft.com/en-us/graph/utcm-intune-resources#deviceconfigurationdomainjoinpolicywindows10-resource-type","DeviceManagementConfiguration.Read.All, DeviceManagementConfiguration.ReadWrite.All, Group.Read.All","Read: Group.Read.All, DeviceManagementConfiguration.Read.All | Update: Group.Read.All, DeviceManagementConfiguration.ReadWrite.All","intune","deviceconfigurationdomainjoinpolicywindows10","microsoft.intune.deviceconfigurationdomainjoinpolicywindows10","2026-02-06T10:47:31Z"
"https://learn.microsoft.com/en-us/graph/utcm-intune-resources#deviceConfigurationDomainJoinPolicyWindows10-resource-type","DeviceManagementConfiguration.Read.All, DeviceManagementConfiguration.ReadWrite.All, Group.Read.All","Read: Group.Read.All, DeviceManagementConfiguration.Read.All | Update: Group.Read.All, DeviceManagementConfiguration.ReadWrite.All","intune","deviceConfigurationDomainJoinPolicyWindows10","microsoft.intune.deviceConfigurationDomainJoinPolicyWindows10","2026-02-06T10:47:31Z"
"https://learn.microsoft.com/en-us/graph/utcm-intune-resources#deviceconfigurationemailprofilepolicywindows10-resource-type","DeviceManagementConfiguration.Read.All, DeviceManagementConfiguration.ReadWrite.All, Group.Read.All","Read: Group.Read.All, DeviceManagementConfiguration.Read.All | Update: Group.Read.All, DeviceManagementConfiguration.ReadWrite.All","intune","deviceconfigurationemailprofilepolicywindows10","microsoft.intune.deviceconfigurationemailprofilepolicywindows10","2026-02-06T10:47:31Z"
"https://learn.microsoft.com/en-us/graph/utcm-intune-resources#deviceConfigurationEmailProfilePolicyWindows10-resource-type","DeviceManagementConfiguration.Read.All, DeviceManagementConfiguration.ReadWrite.All, Group.Read.All","Read: Group.Read.All, DeviceManagementConfiguration.Read.All | Update: Group.Read.All, DeviceManagementConfiguration.ReadWrite.All","intune","deviceConfigurationEmailProfilePolicyWindows10","microsoft.intune.deviceConfigurationEmailProfilePolicyWindows10","2026-02-06T10:47:31Z"
"https://learn.microsoft.com/en-us/graph/utcm-intune-resources#deviceconfigurationendpointprotectionpolicywindows10-resource-type","","","intune","deviceconfigurationendpointprotectionpolicywindows10","microsoft.intune.deviceconfigurationendpointprotectionpolicywindows10","2026-02-06T10:47:32Z"
"https://learn.microsoft.com/en-us/graph/utcm-intune-resources#deviceConfigurationEndpointProtectionPolicyWindows10-resource-type","","","intune","deviceConfigurationEndpointProtectionPolicyWindows10","microsoft.intune.deviceConfigurationEndpointProtectionPolicyWindows10","2026-02-06T10:47:32Z"
"https://learn.microsoft.com/en-us/graph/utcm-intune-resources#deviceconfigurationfirmwareinterfacepolicywindows10-resource-type","DeviceManagementConfiguration.Read.All, DeviceManagementConfiguration.ReadWrite.All, Group.Read.All","Read: Group.Read.All, DeviceManagementConfiguration.Read.All | Update: Group.Read.All, DeviceManagementConfiguration.ReadWrite.All","intune","deviceconfigurationfirmwareinterfacepolicywindows10","microsoft.intune.deviceconfigurationfirmwareinterfacepolicywindows10","2026-02-06T10:47:32Z"
"https://learn.microsoft.com/en-us/graph/utcm-intune-resources#deviceConfigurationFirmwareInterfacePolicyWindows10-resource-type","DeviceManagementConfiguration.Read.All, DeviceManagementConfiguration.ReadWrite.All, Group.Read.All","Read: Group.Read.All, DeviceManagementConfiguration.Read.All | Update: Group.Read.All, DeviceManagementConfiguration.ReadWrite.All","intune","deviceConfigurationFirmwareInterfacePolicyWindows10","microsoft.intune.deviceConfigurationFirmwareInterfacePolicyWindows10","2026-02-06T10:47:32Z"
"https://learn.microsoft.com/en-us/graph/utcm-intune-resources#deviceConfigurationHealthMonitoringConfigurationPolicyWindows10-resource-type","DeviceManagementConfiguration.Read.All, DeviceManagementConfiguration.ReadWrite.All, Group.Read.All","Read: Group.Read.All, DeviceManagementConfiguration.Read.All | Update: Group.Read.All, DeviceManagementConfiguration.ReadWrite.All","intune","deviceConfigurationHealthMonitoringConfigurationPolicyWindows10","microsoft.intune.deviceConfigurationHealthMonitoringConfigurationPolicyWindows10","2026-02-06T10:47:32Z"
"https://learn.microsoft.com/en-us/graph/utcm-intune-resources#deviceconfigurationhealthmonitoringconfigurationpolicywindows10-resource-type","DeviceManagementConfiguration.Read.All, DeviceManagementConfiguration.ReadWrite.All, Group.Read.All","Read: Group.Read.All, DeviceManagementConfiguration.Read.All | Update: Group.Read.All, DeviceManagementConfiguration.ReadWrite.All","intune","deviceconfigurationhealthmonitoringconfigurationpolicywindows10","microsoft.intune.deviceconfigurationhealthmonitoringconfigurationpolicywindows10","2026-02-06T10:47:32Z"
"https://learn.microsoft.com/en-us/graph/utcm-intune-resources#deviceConfigurationIdentityProtectionPolicyWindows10-resource-type","DeviceManagementConfiguration.Read.All, DeviceManagementConfiguration.ReadWrite.All, Group.Read.All","Read: Group.Read.All, DeviceManagementConfiguration.Read.All | Update: Group.Read.All, DeviceManagementConfiguration.ReadWrite.All","intune","deviceConfigurationIdentityProtectionPolicyWindows10","microsoft.intune.deviceConfigurationIdentityProtectionPolicyWindows10","2026-02-06T10:47:32Z"
"https://learn.microsoft.com/en-us/graph/utcm-intune-resources#deviceconfigurationidentityprotectionpolicywindows10-resource-type","DeviceManagementConfiguration.Read.All, DeviceManagementConfiguration.ReadWrite.All, Group.Read.All","Read: Group.Read.All, DeviceManagementConfiguration.Read.All | Update: Group.Read.All, DeviceManagementConfiguration.ReadWrite.All","intune","deviceconfigurationidentityprotectionpolicywindows10","microsoft.intune.deviceconfigurationidentityprotectionpolicywindows10","2026-02-06T10:47:32Z"
"https://learn.microsoft.com/en-us/graph/utcm-intune-resources#deviceConfigurationImportedPfxCertificatePolicyWindows10-resource-type","DeviceManagementConfiguration.Read.All, DeviceManagementConfiguration.ReadWrite.All, Group.Read.All","Read: Group.Read.All, DeviceManagementConfiguration.Read.All | Update: Group.Read.All, DeviceManagementConfiguration.ReadWrite.All","intune","deviceConfigurationImportedPfxCertificatePolicyWindows10","microsoft.intune.deviceConfigurationImportedPfxCertificatePolicyWindows10","2026-02-06T10:47:32Z"
"https://learn.microsoft.com/en-us/graph/utcm-intune-resources#deviceconfigurationimportedpfxcertificatepolicywindows10-resource-type","DeviceManagementConfiguration.Read.All, DeviceManagementConfiguration.ReadWrite.All, Group.Read.All","Read: Group.Read.All, DeviceManagementConfiguration.Read.All | Update: Group.Read.All, DeviceManagementConfiguration.ReadWrite.All","intune","deviceconfigurationimportedpfxcertificatepolicywindows10","microsoft.intune.deviceconfigurationimportedpfxcertificatepolicywindows10","2026-02-06T10:47:32Z"
"https://learn.microsoft.com/en-us/graph/utcm-intune-resources#deviceconfigurationkioskpolicywindows10-resource-type","DeviceManagementConfiguration.Read.All, DeviceManagementConfiguration.ReadWrite.All, Group.Read.All","Read: Group.Read.All, DeviceManagementConfiguration.Read.All | Update: Group.Read.All, DeviceManagementConfiguration.ReadWrite.All","intune","deviceconfigurationkioskpolicywindows10","microsoft.intune.deviceconfigurationkioskpolicywindows10","2026-02-06T10:47:32Z"
"https://learn.microsoft.com/en-us/graph/utcm-intune-resources#deviceConfigurationKioskPolicyWindows10-resource-type","DeviceManagementConfiguration.Read.All, DeviceManagementConfiguration.ReadWrite.All, Group.Read.All","Read: Group.Read.All, DeviceManagementConfiguration.Read.All | Update: Group.Read.All, DeviceManagementConfiguration.ReadWrite.All","intune","deviceConfigurationKioskPolicyWindows10","microsoft.intune.deviceConfigurationKioskPolicyWindows10","2026-02-06T10:47:32Z"
"https://learn.microsoft.com/en-us/graph/utcm-intune-resources#deviceconfigurationnetworkboundarypolicywindows10-resource-type","DeviceManagementConfiguration.Read.All, DeviceManagementConfiguration.ReadWrite.All, Group.Read.All","Read: Group.Read.All, DeviceManagementConfiguration.Read.All | Update: Group.Read.All, DeviceManagementConfiguration.ReadWrite.All","intune","deviceconfigurationnetworkboundarypolicywindows10","microsoft.intune.deviceconfigurationnetworkboundarypolicywindows10","2026-02-06T10:47:32Z"
"https://learn.microsoft.com/en-us/graph/utcm-intune-resources#deviceConfigurationNetworkBoundaryPolicyWindows10-resource-type","DeviceManagementConfiguration.Read.All, DeviceManagementConfiguration.ReadWrite.All, Group.Read.All","Read: Group.Read.All, DeviceManagementConfiguration.Read.All | Update: Group.Read.All, DeviceManagementConfiguration.ReadWrite.All","intune","deviceConfigurationNetworkBoundaryPolicyWindows10","microsoft.intune.deviceConfigurationNetworkBoundaryPolicyWindows10","2026-02-06T10:47:32Z"
"https://learn.microsoft.com/en-us/graph/utcm-intune-resources#deviceConfigurationPkcsCertificatePolicyWindows10-resource-type","DeviceManagementConfiguration.Read.All, DeviceManagementConfiguration.ReadWrite.All, Group.Read.All","Read: Group.Read.All, DeviceManagementConfiguration.Read.All | Update: Group.Read.All, DeviceManagementConfiguration.ReadWrite.All","intune","deviceConfigurationPkcsCertificatePolicyWindows10","microsoft.intune.deviceConfigurationPkcsCertificatePolicyWindows10","2026-02-06T10:47:32Z"
"https://learn.microsoft.com/en-us/graph/utcm-intune-resources#deviceconfigurationpkcscertificatepolicywindows10-resource-type","DeviceManagementConfiguration.Read.All, DeviceManagementConfiguration.ReadWrite.All, Group.Read.All","Read: Group.Read.All, DeviceManagementConfiguration.Read.All | Update: Group.Read.All, DeviceManagementConfiguration.ReadWrite.All","intune","deviceconfigurationpkcscertificatepolicywindows10","microsoft.intune.deviceconfigurationpkcscertificatepolicywindows10","2026-02-06T10:47:32Z"
"https://learn.microsoft.com/en-us/graph/utcm-intune-resources#deviceConfigurationPolicyAndroidDeviceAdministrator-resource-type","DeviceManagementConfiguration.Read.All, DeviceManagementConfiguration.ReadWrite.All","Read: DeviceManagementConfiguration.Read.All | Update: DeviceManagementConfiguration.ReadWrite.All","intune","deviceConfigurationPolicyAndroidDeviceAdministrator","microsoft.intune.deviceConfigurationPolicyAndroidDeviceAdministrator","2026-02-06T10:47:32Z"
"https://learn.microsoft.com/en-us/graph/utcm-intune-resources#deviceconfigurationpolicyandroiddeviceadministrator-resource-type","DeviceManagementConfiguration.Read.All, DeviceManagementConfiguration.ReadWrite.All","Read: DeviceManagementConfiguration.Read.All | Update: DeviceManagementConfiguration.ReadWrite.All","intune","deviceconfigurationpolicyandroiddeviceadministrator","microsoft.intune.deviceconfigurationpolicyandroiddeviceadministrator","2026-02-06T10:47:32Z"
"https://learn.microsoft.com/en-us/graph/utcm-intune-resources#deviceConfigurationPolicyAndroidDeviceOwner-resource-type","","","intune","deviceConfigurationPolicyAndroidDeviceOwner","microsoft.intune.deviceConfigurationPolicyAndroidDeviceOwner","2026-02-06T10:47:32Z"
"https://learn.microsoft.com/en-us/graph/utcm-intune-resources#deviceconfigurationpolicyandroiddeviceowner-resource-type","","","intune","deviceconfigurationpolicyandroiddeviceowner","microsoft.intune.deviceconfigurationpolicyandroiddeviceowner","2026-02-06T10:47:32Z"
"https://learn.microsoft.com/en-us/graph/utcm-intune-resources#deviceConfigurationPolicyAndroidOpenSourceProject-resource-type","DeviceManagementConfiguration.Read.All, DeviceManagementConfiguration.ReadWrite.All, Group.Read.All","Read: Group.Read.All, DeviceManagementConfiguration.Read.All | Update: Group.Read.All, DeviceManagementConfiguration.ReadWrite.All","intune","deviceConfigurationPolicyAndroidOpenSourceProject","microsoft.intune.deviceConfigurationPolicyAndroidOpenSourceProject","2026-02-06T10:47:32Z"
"https://learn.microsoft.com/en-us/graph/utcm-intune-resources#deviceconfigurationpolicyandroidopensourceproject-resource-type","DeviceManagementConfiguration.Read.All, DeviceManagementConfiguration.ReadWrite.All, Group.Read.All","Read: Group.Read.All, DeviceManagementConfiguration.Read.All | Update: Group.Read.All, DeviceManagementConfiguration.ReadWrite.All","intune","deviceconfigurationpolicyandroidopensourceproject","microsoft.intune.deviceconfigurationpolicyandroidopensourceproject","2026-02-06T10:47:32Z"
"https://learn.microsoft.com/en-us/graph/utcm-intune-resources#deviceConfigurationPolicyAndroidWorkProfile-resource-type","DeviceManagementConfiguration.Read.All, DeviceManagementConfiguration.ReadWrite.All, Group.Read.All","Read: Group.Read.All, DeviceManagementConfiguration.Read.All | Update: Group.Read.All, DeviceManagementConfiguration.ReadWrite.All","intune","deviceConfigurationPolicyAndroidWorkProfile","microsoft.intune.deviceConfigurationPolicyAndroidWorkProfile","2026-02-06T10:47:32Z"
"https://learn.microsoft.com/en-us/graph/utcm-intune-resources#deviceconfigurationpolicyandroidworkprofile-resource-type","DeviceManagementConfiguration.Read.All, DeviceManagementConfiguration.ReadWrite.All, Group.Read.All","Read: Group.Read.All, DeviceManagementConfiguration.Read.All | Update: Group.Read.All, DeviceManagementConfiguration.ReadWrite.All","intune","deviceconfigurationpolicyandroidworkprofile","microsoft.intune.deviceconfigurationpolicyandroidworkprofile","2026-02-06T10:47:32Z"
"https://learn.microsoft.com/en-us/graph/utcm-intune-resources#deviceConfigurationPolicyiOS-resource-type","","","intune","deviceConfigurationPolicyiOS","microsoft.intune.deviceConfigurationPolicyiOS","2026-02-06T10:47:32Z"
"https://learn.microsoft.com/en-us/graph/utcm-intune-resources#deviceconfigurationpolicyios-resource-type","","","intune","deviceconfigurationpolicyios","microsoft.intune.deviceconfigurationpolicyios","2026-02-06T10:47:32Z"
"https://learn.microsoft.com/en-us/graph/utcm-intune-resources#deviceConfigurationPolicymacOS-resource-type","DeviceManagementConfiguration.Read.All, DeviceManagementConfiguration.ReadWrite.All, Group.Read.All","Read: Group.Read.All, DeviceManagementConfiguration.Read.All | Update: Group.Read.All, DeviceManagementConfiguration.ReadWrite.All","intune","deviceConfigurationPolicymacOS","microsoft.intune.deviceConfigurationPolicymacOS","2026-02-06T10:47:32Z"
"https://learn.microsoft.com/en-us/graph/utcm-intune-resources#deviceconfigurationpolicymacos-resource-type","DeviceManagementConfiguration.Read.All, DeviceManagementConfiguration.ReadWrite.All, Group.Read.All","Read: Group.Read.All, DeviceManagementConfiguration.Read.All | Update: Group.Read.All, DeviceManagementConfiguration.ReadWrite.All","intune","deviceconfigurationpolicymacos","microsoft.intune.deviceconfigurationpolicymacos","2026-02-06T10:47:32Z"
"https://learn.microsoft.com/en-us/graph/utcm-intune-resources#deviceConfigurationPolicyWindows10-resource-type","","","intune","deviceConfigurationPolicyWindows10","microsoft.intune.deviceConfigurationPolicyWindows10","2026-02-06T10:47:32Z"
"https://learn.microsoft.com/en-us/graph/utcm-intune-resources#deviceconfigurationpolicywindows10-resource-type","","","intune","deviceconfigurationpolicywindows10","microsoft.intune.deviceconfigurationpolicywindows10","2026-02-06T10:47:32Z"
"https://learn.microsoft.com/en-us/graph/utcm-intune-resources#deviceconfigurationscepcertificatepolicywindows10-resource-type","DeviceManagementConfiguration.Read.All, DeviceManagementConfiguration.ReadWrite.All, Group.Read.All","Read: Group.Read.All, DeviceManagementConfiguration.Read.All | Update: Group.Read.All, DeviceManagementConfiguration.ReadWrite.All","intune","deviceconfigurationscepcertificatepolicywindows10","microsoft.intune.deviceconfigurationscepcertificatepolicywindows10","2026-02-06T10:47:32Z"
"https://learn.microsoft.com/en-us/graph/utcm-intune-resources#deviceConfigurationScepCertificatePolicyWindows10-resource-type","DeviceManagementConfiguration.Read.All, DeviceManagementConfiguration.ReadWrite.All, Group.Read.All","Read: Group.Read.All, DeviceManagementConfiguration.Read.All | Update: Group.Read.All, DeviceManagementConfiguration.ReadWrite.All","intune","deviceConfigurationScepCertificatePolicyWindows10","microsoft.intune.deviceConfigurationScepCertificatePolicyWindows10","2026-02-06T10:47:32Z"
"https://learn.microsoft.com/en-us/graph/utcm-intune-resources#deviceconfigurationsecureassessmentpolicywindows10-resource-type","DeviceManagementConfiguration.Read.All, DeviceManagementConfiguration.ReadWrite.All, Group.Read.All","Read: Group.Read.All, DeviceManagementConfiguration.Read.All | Update: Group.Read.All, DeviceManagementConfiguration.ReadWrite.All","intune","deviceconfigurationsecureassessmentpolicywindows10","microsoft.intune.deviceconfigurationsecureassessmentpolicywindows10","2026-02-06T10:47:32Z"
"https://learn.microsoft.com/en-us/graph/utcm-intune-resources#deviceConfigurationSecureAssessmentPolicyWindows10-resource-type","DeviceManagementConfiguration.Read.All, DeviceManagementConfiguration.ReadWrite.All, Group.Read.All","Read: Group.Read.All, DeviceManagementConfiguration.Read.All | Update: Group.Read.All, DeviceManagementConfiguration.ReadWrite.All","intune","deviceConfigurationSecureAssessmentPolicyWindows10","microsoft.intune.deviceConfigurationSecureAssessmentPolicyWindows10","2026-02-06T10:47:32Z"
"https://learn.microsoft.com/en-us/graph/utcm-intune-resources#deviceconfigurationsharedmultidevicepolicywindows10-resource-type","DeviceManagementConfiguration.Read.All, DeviceManagementConfiguration.ReadWrite.All, Group.Read.All","Read: Group.Read.All, DeviceManagementConfiguration.Read.All | Update: Group.Read.All, DeviceManagementConfiguration.ReadWrite.All","intune","deviceconfigurationsharedmultidevicepolicywindows10","microsoft.intune.deviceconfigurationsharedmultidevicepolicywindows10","2026-02-06T10:47:32Z"
"https://learn.microsoft.com/en-us/graph/utcm-intune-resources#deviceConfigurationSharedMultiDevicePolicyWindows10-resource-type","DeviceManagementConfiguration.Read.All, DeviceManagementConfiguration.ReadWrite.All, Group.Read.All","Read: Group.Read.All, DeviceManagementConfiguration.Read.All | Update: Group.Read.All, DeviceManagementConfiguration.ReadWrite.All","intune","deviceConfigurationSharedMultiDevicePolicyWindows10","microsoft.intune.deviceConfigurationSharedMultiDevicePolicyWindows10","2026-02-06T10:47:32Z"
"https://learn.microsoft.com/en-us/graph/utcm-intune-resources#deviceConfigurationTrustedCertificatePolicyWindows10-resource-type","DeviceManagementConfiguration.Read.All, DeviceManagementConfiguration.ReadWrite.All, Group.Read.All","Read: Group.Read.All, DeviceManagementConfiguration.Read.All | Update: Group.Read.All, DeviceManagementConfiguration.ReadWrite.All","intune","deviceConfigurationTrustedCertificatePolicyWindows10","microsoft.intune.deviceConfigurationTrustedCertificatePolicyWindows10","2026-02-06T10:47:32Z"
"https://learn.microsoft.com/en-us/graph/utcm-intune-resources#deviceconfigurationtrustedcertificatepolicywindows10-resource-type","DeviceManagementConfiguration.Read.All, DeviceManagementConfiguration.ReadWrite.All, Group.Read.All","Read: Group.Read.All, DeviceManagementConfiguration.Read.All | Update: Group.Read.All, DeviceManagementConfiguration.ReadWrite.All","intune","deviceconfigurationtrustedcertificatepolicywindows10","microsoft.intune.deviceconfigurationtrustedcertificatepolicywindows10","2026-02-06T10:47:32Z"
"https://learn.microsoft.com/en-us/graph/utcm-intune-resources#deviceconfigurationvpnpolicywindows10-resource-type","DeviceManagementConfiguration.Read.All, DeviceManagementConfiguration.ReadWrite.All, Group.Read.All","Read: Group.Read.All, DeviceManagementConfiguration.Read.All | Update: Group.Read.All, DeviceManagementConfiguration.ReadWrite.All","intune","deviceconfigurationvpnpolicywindows10","microsoft.intune.deviceconfigurationvpnpolicywindows10","2026-02-06T10:47:32Z"
"https://learn.microsoft.com/en-us/graph/utcm-intune-resources#deviceConfigurationVpnPolicyWindows10-resource-type","DeviceManagementConfiguration.Read.All, DeviceManagementConfiguration.ReadWrite.All, Group.Read.All","Read: Group.Read.All, DeviceManagementConfiguration.Read.All | Update: Group.Read.All, DeviceManagementConfiguration.ReadWrite.All","intune","deviceConfigurationVpnPolicyWindows10","microsoft.intune.deviceConfigurationVpnPolicyWindows10","2026-02-06T10:47:33Z"
"https://learn.microsoft.com/en-us/graph/utcm-intune-resources#deviceConfigurationWindowsTeamPolicyWindows10-resource-type","DeviceManagementConfiguration.Read.All, DeviceManagementConfiguration.ReadWrite.All, Group.Read.All","Read: Group.Read.All, DeviceManagementConfiguration.Read.All | Update: Group.Read.All, DeviceManagementConfiguration.ReadWrite.All","intune","deviceConfigurationWindowsTeamPolicyWindows10","microsoft.intune.deviceConfigurationWindowsTeamPolicyWindows10","2026-02-06T10:47:33Z"
"https://learn.microsoft.com/en-us/graph/utcm-intune-resources#deviceconfigurationwindowsteampolicywindows10-resource-type","DeviceManagementConfiguration.Read.All, DeviceManagementConfiguration.ReadWrite.All, Group.Read.All","Read: Group.Read.All, DeviceManagementConfiguration.Read.All | Update: Group.Read.All, DeviceManagementConfiguration.ReadWrite.All","intune","deviceconfigurationwindowsteampolicywindows10","microsoft.intune.deviceconfigurationwindowsteampolicywindows10","2026-02-06T10:47:33Z"
"https://learn.microsoft.com/en-us/graph/utcm-intune-resources#deviceconfigurationwirednetworkpolicywindows10-resource-type","DeviceManagementConfiguration.Read.All, DeviceManagementConfiguration.ReadWrite.All, Group.Read.All","Read: Group.Read.All, DeviceManagementConfiguration.Read.All | Update: Group.Read.All, DeviceManagementConfiguration.ReadWrite.All","intune","deviceconfigurationwirednetworkpolicywindows10","microsoft.intune.deviceconfigurationwirednetworkpolicywindows10","2026-02-06T10:47:33Z"
"https://learn.microsoft.com/en-us/graph/utcm-intune-resources#deviceConfigurationWiredNetworkPolicyWindows10-resource-type","DeviceManagementConfiguration.Read.All, DeviceManagementConfiguration.ReadWrite.All, Group.Read.All","Read: Group.Read.All, DeviceManagementConfiguration.Read.All | Update: Group.Read.All, DeviceManagementConfiguration.ReadWrite.All","intune","deviceConfigurationWiredNetworkPolicyWindows10","microsoft.intune.deviceConfigurationWiredNetworkPolicyWindows10","2026-02-06T10:47:33Z"
"https://learn.microsoft.com/en-us/graph/utcm-intune-resources#deviceEnrollmentLimitRestriction-resource-type","DeviceManagementServiceConfig.Read.All, DeviceManagementServiceConfig.ReadWrite.All","Read: DeviceManagementServiceConfig.Read.All | Update: DeviceManagementServiceConfig.ReadWrite.All","intune","deviceEnrollmentLimitRestriction","microsoft.intune.deviceEnrollmentLimitRestriction","2026-02-06T10:47:33Z"
"https://learn.microsoft.com/en-us/graph/utcm-intune-resources#deviceenrollmentlimitrestriction-resource-type","DeviceManagementServiceConfig.Read.All, DeviceManagementServiceConfig.ReadWrite.All","Read: DeviceManagementServiceConfig.Read.All | Update: DeviceManagementServiceConfig.ReadWrite.All","intune","deviceenrollmentlimitrestriction","microsoft.intune.deviceenrollmentlimitrestriction","2026-02-06T10:47:33Z"
"https://learn.microsoft.com/en-us/graph/utcm-intune-resources#deviceenrollmentplatformrestriction-resource-type","DeviceManagementServiceConfig.Read.All, DeviceManagementServiceConfig.ReadWrite.All, Group.Read.All","Read: Group.Read.All, DeviceManagementServiceConfig.Read.All | Update: Group.Read.All, DeviceManagementServiceConfig.ReadWrite.All","intune","deviceenrollmentplatformrestriction","microsoft.intune.deviceenrollmentplatformrestriction","2026-02-06T10:47:33Z"
"https://learn.microsoft.com/en-us/graph/utcm-intune-resources#deviceEnrollmentPlatformRestriction-resource-type","DeviceManagementServiceConfig.Read.All, DeviceManagementServiceConfig.ReadWrite.All, Group.Read.All","Read: Group.Read.All, DeviceManagementServiceConfig.Read.All | Update: Group.Read.All, DeviceManagementServiceConfig.ReadWrite.All","intune","deviceEnrollmentPlatformRestriction","microsoft.intune.deviceEnrollmentPlatformRestriction","2026-02-06T10:47:33Z"
"https://learn.microsoft.com/en-us/graph/utcm-intune-resources#deviceEnrollmentStatusPageWindows10-resource-type","DeviceManagementApps.Read.All, DeviceManagementConfiguration.Read.All, DeviceManagementConfiguration.ReadWrite.All, DeviceManagementServiceConfig.Read.All, DeviceManagementServiceConfig.ReadWrite.All, Group.Read.All","Read: Group.Read.All, DeviceManagementConfiguration.Read.All, DeviceManagementServiceConfig.Read.All, DeviceManagementApps.Read.All | Update: Group.Read.All, DeviceManagementConfiguration.ReadWrite.All, DeviceManagementServiceConfig.ReadWrite.All, DeviceManagementApps.Read.All","intune","deviceEnrollmentStatusPageWindows10","microsoft.intune.deviceEnrollmentStatusPageWindows10","2026-02-06T10:47:33Z"
"https://learn.microsoft.com/en-us/graph/utcm-intune-resources#deviceenrollmentstatuspagewindows10-resource-type","DeviceManagementApps.Read.All, DeviceManagementConfiguration.Read.All, DeviceManagementConfiguration.ReadWrite.All, DeviceManagementServiceConfig.Read.All, DeviceManagementServiceConfig.ReadWrite.All, Group.Read.All","Read: Group.Read.All, DeviceManagementConfiguration.Read.All, DeviceManagementServiceConfig.Read.All, DeviceManagementApps.Read.All | Update: Group.Read.All, DeviceManagementConfiguration.ReadWrite.All, DeviceManagementServiceConfig.ReadWrite.All, DeviceManagementApps.Read.All","intune","deviceenrollmentstatuspagewindows10","microsoft.intune.deviceenrollmentstatuspagewindows10","2026-02-06T10:47:33Z"
"https://learn.microsoft.com/en-us/graph/utcm-intune-resources#endpointDetectionAndResponsePolicyWindows10-resource-type","DeviceManagementConfiguration.Read.All, DeviceManagementConfiguration.ReadWrite.All, Group.Read.All","Read: Group.Read.All, DeviceManagementConfiguration.Read.All | Update: Group.Read.All, DeviceManagementConfiguration.ReadWrite.All","intune","endpointDetectionAndResponsePolicyWindows10","microsoft.intune.endpointDetectionAndResponsePolicyWindows10","2026-02-06T10:47:33Z"
"https://learn.microsoft.com/en-us/graph/utcm-intune-resources#endpointdetectionandresponsepolicywindows10-resource-type","DeviceManagementConfiguration.Read.All, DeviceManagementConfiguration.ReadWrite.All, Group.Read.All","Read: Group.Read.All, DeviceManagementConfiguration.Read.All | Update: Group.Read.All, DeviceManagementConfiguration.ReadWrite.All","intune","endpointdetectionandresponsepolicywindows10","microsoft.intune.endpointdetectionandresponsepolicywindows10","2026-02-06T10:47:33Z"
"https://learn.microsoft.com/en-us/graph/utcm-intune-resources#exploitProtectionPolicyWindows10SettingCatalog-resource-type","DeviceManagementConfiguration.Read.All, DeviceManagementConfiguration.ReadWrite.All, Group.Read.All","Read: Group.Read.All, DeviceManagementConfiguration.Read.All | Update: Group.Read.All, DeviceManagementConfiguration.ReadWrite.All","intune","exploitProtectionPolicyWindows10SettingCatalog","microsoft.intune.exploitProtectionPolicyWindows10SettingCatalog","2026-02-06T10:47:33Z"
"https://learn.microsoft.com/en-us/graph/utcm-intune-resources#exploitprotectionpolicywindows10settingcatalog-resource-type","DeviceManagementConfiguration.Read.All, DeviceManagementConfiguration.ReadWrite.All, Group.Read.All","Read: Group.Read.All, DeviceManagementConfiguration.Read.All | Update: Group.Read.All, DeviceManagementConfiguration.ReadWrite.All","intune","exploitprotectionpolicywindows10settingcatalog","microsoft.intune.exploitprotectionpolicywindows10settingcatalog","2026-02-06T10:47:33Z"
"https://learn.microsoft.com/en-us/graph/utcm-intune-resources#policysets-resource-type","DeviceManagementConfiguration.Read.All, DeviceManagementConfiguration.ReadWrite.All, Group.Read.All","Read: Group.Read.All, DeviceManagementConfiguration.Read.All | Update: Group.Read.All, DeviceManagementConfiguration.ReadWrite.All","intune","policysets","microsoft.intune.policysets","2026-02-06T10:47:33Z"
"https://learn.microsoft.com/en-us/graph/utcm-intune-resources#policySets-resource-type","DeviceManagementConfiguration.Read.All, DeviceManagementConfiguration.ReadWrite.All, Group.Read.All","Read: Group.Read.All, DeviceManagementConfiguration.Read.All | Update: Group.Read.All, DeviceManagementConfiguration.ReadWrite.All","intune","policySets","microsoft.intune.policySets","2026-02-06T10:47:33Z"
"https://learn.microsoft.com/en-us/graph/utcm-intune-resources#roleAssignment-resource-type","DeviceManagementRBAC.Read.All, DeviceManagementRBAC.ReadWrite.All, Group.Read.All","Read: Group.Read.All, DeviceManagementRBAC.Read.All | Update: Group.Read.All, DeviceManagementRBAC.ReadWrite.All","intune","roleAssignment","microsoft.intune.roleAssignment","2026-02-06T10:47:33Z"
"https://learn.microsoft.com/en-us/graph/utcm-intune-resources#roleassignment-resource-type","DeviceManagementRBAC.Read.All, DeviceManagementRBAC.ReadWrite.All, Group.Read.All","Read: Group.Read.All, DeviceManagementRBAC.Read.All | Update: Group.Read.All, DeviceManagementRBAC.ReadWrite.All","intune","roleassignment","microsoft.intune.roleassignment","2026-02-06T10:47:33Z"
"https://learn.microsoft.com/en-us/graph/utcm-intune-resources#roleDefinition-resource-type","DeviceManagementRBAC.Read.All, DeviceManagementRBAC.ReadWrite.All","Read: DeviceManagementRBAC.Read.All | Update: DeviceManagementRBAC.ReadWrite.All","intune","roleDefinition","microsoft.intune.roleDefinition","2026-02-06T10:47:33Z"
"https://learn.microsoft.com/en-us/graph/utcm-intune-resources#roledefinition-resource-type","DeviceManagementRBAC.Read.All, DeviceManagementRBAC.ReadWrite.All","Read: DeviceManagementRBAC.Read.All | Update: DeviceManagementRBAC.ReadWrite.All","intune","roledefinition","microsoft.intune.roledefinition","2026-02-06T10:47:33Z"
"https://learn.microsoft.com/en-us/graph/utcm-intune-resources#settingCatalogAsrRulesPolicyWindows10-resource-type","DeviceManagementConfiguration.Read.All, DeviceManagementConfiguration.ReadWrite.All, Group.Read.All","Read: Group.Read.All, DeviceManagementConfiguration.Read.All | Update: Group.Read.All, DeviceManagementConfiguration.ReadWrite.All","intune","settingCatalogAsrRulesPolicyWindows10","microsoft.intune.settingCatalogAsrRulesPolicyWindows10","2026-02-06T10:47:33Z"
"https://learn.microsoft.com/en-us/graph/utcm-intune-resources#settingcatalogasrrulespolicywindows10-resource-type","DeviceManagementConfiguration.Read.All, DeviceManagementConfiguration.ReadWrite.All, Group.Read.All","Read: Group.Read.All, DeviceManagementConfiguration.Read.All | Update: Group.Read.All, DeviceManagementConfiguration.ReadWrite.All","intune","settingcatalogasrrulespolicywindows10","microsoft.intune.settingcatalogasrrulespolicywindows10","2026-02-06T10:47:33Z"
"https://learn.microsoft.com/en-us/graph/utcm-intune-resources#settingcatalogcustompolicywindows10-resource-type","DeviceManagementConfiguration.Read.All, DeviceManagementConfiguration.ReadWrite.All, Group.Read.All","Read: Group.Read.All, DeviceManagementConfiguration.Read.All | Update: Group.Read.All, DeviceManagementConfiguration.ReadWrite.All","intune","settingcatalogcustompolicywindows10","microsoft.intune.settingcatalogcustompolicywindows10","2026-02-06T10:47:33Z"
"https://learn.microsoft.com/en-us/graph/utcm-intune-resources#settingCatalogCustomPolicyWindows10-resource-type","DeviceManagementConfiguration.Read.All, DeviceManagementConfiguration.ReadWrite.All, Group.Read.All","Read: Group.Read.All, DeviceManagementConfiguration.Read.All | Update: Group.Read.All, DeviceManagementConfiguration.ReadWrite.All","intune","settingCatalogCustomPolicyWindows10","microsoft.intune.settingCatalogCustomPolicyWindows10","2026-02-06T10:47:33Z"
"https://learn.microsoft.com/en-us/graph/utcm-intune-resources#wifiConfigurationPolicyAndroidDeviceAdministrator-resource-type","DeviceManagementConfiguration.Read.All, DeviceManagementConfiguration.ReadWrite.All","Read: DeviceManagementConfiguration.Read.All | Update: DeviceManagementConfiguration.ReadWrite.All","intune","wifiConfigurationPolicyAndroidDeviceAdministrator","microsoft.intune.wifiConfigurationPolicyAndroidDeviceAdministrator","2026-02-06T10:47:33Z"
"https://learn.microsoft.com/en-us/graph/utcm-intune-resources#wificonfigurationpolicyandroiddeviceadministrator-resource-type","DeviceManagementConfiguration.Read.All, DeviceManagementConfiguration.ReadWrite.All","Read: DeviceManagementConfiguration.Read.All | Update: DeviceManagementConfiguration.ReadWrite.All","intune","wificonfigurationpolicyandroiddeviceadministrator","microsoft.intune.wificonfigurationpolicyandroiddeviceadministrator","2026-02-06T10:47:33Z"
"https://learn.microsoft.com/en-us/graph/utcm-intune-resources#wifiConfigurationPolicyAndroidEnterpriseDeviceOwner-resource-type","DeviceManagementConfiguration.Read.All, DeviceManagementConfiguration.ReadWrite.All, Group.Read.All","Read: Group.Read.All, DeviceManagementConfiguration.Read.All | Update: Group.Read.All, DeviceManagementConfiguration.ReadWrite.All","intune","wifiConfigurationPolicyAndroidEnterpriseDeviceOwner","microsoft.intune.wifiConfigurationPolicyAndroidEnterpriseDeviceOwner","2026-02-06T10:47:33Z"
"https://learn.microsoft.com/en-us/graph/utcm-intune-resources#wificonfigurationpolicyandroidenterprisedeviceowner-resource-type","DeviceManagementConfiguration.Read.All, DeviceManagementConfiguration.ReadWrite.All, Group.Read.All","Read: Group.Read.All, DeviceManagementConfiguration.Read.All | Update: Group.Read.All, DeviceManagementConfiguration.ReadWrite.All","intune","wificonfigurationpolicyandroidenterprisedeviceowner","microsoft.intune.wificonfigurationpolicyandroidenterprisedeviceowner","2026-02-06T10:47:33Z"
"https://learn.microsoft.com/en-us/graph/utcm-intune-resources#wifiConfigurationPolicyAndroidEnterpriseWorkProfile-resource-type","DeviceManagementConfiguration.Read.All, DeviceManagementConfiguration.ReadWrite.All, Group.Read.All","Read: Group.Read.All, DeviceManagementConfiguration.Read.All | Update: Group.Read.All, DeviceManagementConfiguration.ReadWrite.All","intune","wifiConfigurationPolicyAndroidEnterpriseWorkProfile","microsoft.intune.wifiConfigurationPolicyAndroidEnterpriseWorkProfile","2026-02-06T10:47:33Z"
"https://learn.microsoft.com/en-us/graph/utcm-intune-resources#wificonfigurationpolicyandroidenterpriseworkprofile-resource-type","DeviceManagementConfiguration.Read.All, DeviceManagementConfiguration.ReadWrite.All, Group.Read.All","Read: Group.Read.All, DeviceManagementConfiguration.Read.All | Update: Group.Read.All, DeviceManagementConfiguration.ReadWrite.All","intune","wificonfigurationpolicyandroidenterpriseworkprofile","microsoft.intune.wificonfigurationpolicyandroidenterpriseworkprofile","2026-02-06T10:47:33Z"
"https://learn.microsoft.com/en-us/graph/utcm-intune-resources#wifiConfigurationPolicyAndroidForWork-resource-type","DeviceManagementConfiguration.Read.All, DeviceManagementConfiguration.ReadWrite.All, Group.Read.All","Read: Group.Read.All, DeviceManagementConfiguration.Read.All | Update: Group.Read.All, DeviceManagementConfiguration.ReadWrite.All","intune","wifiConfigurationPolicyAndroidForWork","microsoft.intune.wifiConfigurationPolicyAndroidForWork","2026-02-06T10:47:33Z"
"https://learn.microsoft.com/en-us/graph/utcm-intune-resources#wificonfigurationpolicyandroidforwork-resource-type","DeviceManagementConfiguration.Read.All, DeviceManagementConfiguration.ReadWrite.All, Group.Read.All","Read: Group.Read.All, DeviceManagementConfiguration.Read.All | Update: Group.Read.All, DeviceManagementConfiguration.ReadWrite.All","intune","wificonfigurationpolicyandroidforwork","microsoft.intune.wificonfigurationpolicyandroidforwork","2026-02-06T10:47:33Z"
"https://learn.microsoft.com/en-us/graph/utcm-intune-resources#wifiConfigurationPolicyAndroidOpenSourceProject-resource-type","DeviceManagementConfiguration.Read.All, DeviceManagementConfiguration.ReadWrite.All, Group.Read.All","Read: Group.Read.All, DeviceManagementConfiguration.Read.All | Update: Group.Read.All, DeviceManagementConfiguration.ReadWrite.All","intune","wifiConfigurationPolicyAndroidOpenSourceProject","microsoft.intune.wifiConfigurationPolicyAndroidOpenSourceProject","2026-02-06T10:47:33Z"
"https://learn.microsoft.com/en-us/graph/utcm-intune-resources#wificonfigurationpolicyandroidopensourceproject-resource-type","DeviceManagementConfiguration.Read.All, DeviceManagementConfiguration.ReadWrite.All, Group.Read.All","Read: Group.Read.All, DeviceManagementConfiguration.Read.All | Update: Group.Read.All, DeviceManagementConfiguration.ReadWrite.All","intune","wificonfigurationpolicyandroidopensourceproject","microsoft.intune.wificonfigurationpolicyandroidopensourceproject","2026-02-06T10:47:33Z"
"https://learn.microsoft.com/en-us/graph/utcm-intune-resources#wifiConfigurationPolicyiOS-resource-type","DeviceManagementConfiguration.Read.All, DeviceManagementConfiguration.ReadWrite.All, Group.Read.All","Read: Group.Read.All, DeviceManagementConfiguration.Read.All | Update: Group.Read.All, DeviceManagementConfiguration.ReadWrite.All","intune","wifiConfigurationPolicyiOS","microsoft.intune.wifiConfigurationPolicyiOS","2026-02-06T10:47:33Z"
"https://learn.microsoft.com/en-us/graph/utcm-intune-resources#wificonfigurationpolicyios-resource-type","DeviceManagementConfiguration.Read.All, DeviceManagementConfiguration.ReadWrite.All, Group.Read.All","Read: Group.Read.All, DeviceManagementConfiguration.Read.All | Update: Group.Read.All, DeviceManagementConfiguration.ReadWrite.All","intune","wificonfigurationpolicyios","microsoft.intune.wificonfigurationpolicyios","2026-02-06T10:47:33Z"
"https://learn.microsoft.com/en-us/graph/utcm-intune-resources#wifiConfigurationPolicymacOS-resource-type","DeviceManagementConfiguration.Read.All, DeviceManagementConfiguration.ReadWrite.All, Group.Read.All","Read: Group.Read.All, DeviceManagementConfiguration.Read.All | Update: Group.Read.All, DeviceManagementConfiguration.ReadWrite.All","intune","wifiConfigurationPolicymacOS","microsoft.intune.wifiConfigurationPolicymacOS","2026-02-06T10:47:33Z"
"https://learn.microsoft.com/en-us/graph/utcm-intune-resources#wificonfigurationpolicymacos-resource-type","DeviceManagementConfiguration.Read.All, DeviceManagementConfiguration.ReadWrite.All, Group.Read.All","Read: Group.Read.All, DeviceManagementConfiguration.Read.All | Update: Group.Read.All, DeviceManagementConfiguration.ReadWrite.All","intune","wificonfigurationpolicymacos","microsoft.intune.wificonfigurationpolicymacos","2026-02-06T10:47:33Z"
"https://learn.microsoft.com/en-us/graph/utcm-intune-resources#wificonfigurationpolicywindows10-resource-type","DeviceManagementConfiguration.Read.All, DeviceManagementConfiguration.ReadWrite.All, Group.Read.All","Read: Group.Read.All, DeviceManagementConfiguration.Read.All | Update: Group.Read.All, DeviceManagementConfiguration.ReadWrite.All","intune","wificonfigurationpolicywindows10","microsoft.intune.wificonfigurationpolicywindows10","2026-02-06T10:47:33Z"
"https://learn.microsoft.com/en-us/graph/utcm-intune-resources#wifiConfigurationPolicyWindows10-resource-type","DeviceManagementConfiguration.Read.All, DeviceManagementConfiguration.ReadWrite.All, Group.Read.All","Read: Group.Read.All, DeviceManagementConfiguration.Read.All | Update: Group.Read.All, DeviceManagementConfiguration.ReadWrite.All","intune","wifiConfigurationPolicyWindows10","microsoft.intune.wifiConfigurationPolicyWindows10","2026-02-06T10:47:33Z"
"https://learn.microsoft.com/en-us/graph/utcm-intune-resources#windowsAutopilotDeploymentProfileAzureADHybridJoined-resource-type","DeviceManagementServiceConfig.Read.All, DeviceManagementServiceConfig.ReadWrite.All, Group.Read.All","Read: Group.Read.All, DeviceManagementServiceConfig.Read.All | Update: Group.Read.All, DeviceManagementServiceConfig.ReadWrite.All","intune","windowsAutopilotDeploymentProfileAzureADHybridJoined","microsoft.intune.windowsAutopilotDeploymentProfileAzureADHybridJoined","2026-02-06T10:47:33Z"
"https://learn.microsoft.com/en-us/graph/utcm-intune-resources#windowsautopilotdeploymentprofileazureadhybridjoined-resource-type","DeviceManagementServiceConfig.Read.All, DeviceManagementServiceConfig.ReadWrite.All, Group.Read.All","Read: Group.Read.All, DeviceManagementServiceConfig.Read.All | Update: Group.Read.All, DeviceManagementServiceConfig.ReadWrite.All","intune","windowsautopilotdeploymentprofileazureadhybridjoined","microsoft.intune.windowsautopilotdeploymentprofileazureadhybridjoined","2026-02-06T10:47:33Z"
"https://learn.microsoft.com/en-us/graph/utcm-intune-resources#windowsAutopilotDeploymentProfileAzureADJoined-resource-type","DeviceManagementServiceConfig.Read.All, DeviceManagementServiceConfig.ReadWrite.All, Group.Read.All","Read: Group.Read.All, DeviceManagementServiceConfig.Read.All | Update: Group.Read.All, DeviceManagementServiceConfig.ReadWrite.All","intune","windowsAutopilotDeploymentProfileAzureADJoined","microsoft.intune.windowsAutopilotDeploymentProfileAzureADJoined","2026-02-06T10:47:33Z"
"https://learn.microsoft.com/en-us/graph/utcm-intune-resources#windowsautopilotdeploymentprofileazureadjoined-resource-type","DeviceManagementServiceConfig.Read.All, DeviceManagementServiceConfig.ReadWrite.All, Group.Read.All","Read: Group.Read.All, DeviceManagementServiceConfig.Read.All | Update: Group.Read.All, DeviceManagementServiceConfig.ReadWrite.All","intune","windowsautopilotdeploymentprofileazureadjoined","microsoft.intune.windowsautopilotdeploymentprofileazureadjoined","2026-02-06T10:47:33Z"
"https://learn.microsoft.com/en-us/graph/utcm-intune-resources#windowsInformationProtectionPolicyWindows10MdmEnrolled-resource-type","DeviceManagementApps.Read.All, DeviceManagementApps.ReadWrite.All, Group.Read.All","Read: Group.Read.All, DeviceManagementApps.Read.All | Update: Group.Read.All, DeviceManagementApps.ReadWrite.All","intune","windowsInformationProtectionPolicyWindows10MdmEnrolled","microsoft.intune.windowsInformationProtectionPolicyWindows10MdmEnrolled","2026-02-06T10:47:33Z"
"https://learn.microsoft.com/en-us/graph/utcm-intune-resources#windowsinformationprotectionpolicywindows10mdmenrolled-resource-type","DeviceManagementApps.Read.All, DeviceManagementApps.ReadWrite.All, Group.Read.All","Read: Group.Read.All, DeviceManagementApps.Read.All | Update: Group.Read.All, DeviceManagementApps.ReadWrite.All","intune","windowsinformationprotectionpolicywindows10mdmenrolled","microsoft.intune.windowsinformationprotectionpolicywindows10mdmenrolled","2026-02-06T10:47:34Z"
"https://learn.microsoft.com/en-us/graph/utcm-intune-resources#windowsUpdateForBusinessFeatureUpdateProfileWindows10-resource-type","DeviceManagementConfiguration.Read.All, DeviceManagementConfiguration.ReadWrite.All, Group.Read.All","Read: Group.Read.All, DeviceManagementConfiguration.Read.All | Update: Group.Read.All, DeviceManagementConfiguration.ReadWrite.All","intune","windowsUpdateForBusinessFeatureUpdateProfileWindows10","microsoft.intune.windowsUpdateForBusinessFeatureUpdateProfileWindows10","2026-02-06T10:47:34Z"
"https://learn.microsoft.com/en-us/graph/utcm-intune-resources#windowsupdateforbusinessfeatureupdateprofilewindows10-resource-type","DeviceManagementConfiguration.Read.All, DeviceManagementConfiguration.ReadWrite.All, Group.Read.All","Read: Group.Read.All, DeviceManagementConfiguration.Read.All | Update: Group.Read.All, DeviceManagementConfiguration.ReadWrite.All","intune","windowsupdateforbusinessfeatureupdateprofilewindows10","microsoft.intune.windowsupdateforbusinessfeatureupdateprofilewindows10","2026-02-06T10:47:34Z"
"https://learn.microsoft.com/en-us/graph/utcm-intune-resources#windowsupdateforbusinessringupdateprofilewindows10-resource-type","DeviceManagementConfiguration.Read.All, DeviceManagementConfiguration.ReadWrite.All, Group.Read.All","Read: Group.Read.All, DeviceManagementConfiguration.Read.All | Update: Group.Read.All, DeviceManagementConfiguration.ReadWrite.All","intune","windowsupdateforbusinessringupdateprofilewindows10","microsoft.intune.windowsupdateforbusinessringupdateprofilewindows10","2026-02-06T10:47:34Z"
"https://learn.microsoft.com/en-us/graph/utcm-intune-resources#windowsUpdateForBusinessRingUpdateProfileWindows10-resource-type","DeviceManagementConfiguration.Read.All, DeviceManagementConfiguration.ReadWrite.All, Group.Read.All","Read: Group.Read.All, DeviceManagementConfiguration.Read.All | Update: Group.Read.All, DeviceManagementConfiguration.ReadWrite.All","intune","windowsUpdateForBusinessRingUpdateProfileWindows10","microsoft.intune.windowsUpdateForBusinessRingUpdateProfileWindows10","2026-02-06T10:47:34Z"
"https://learn.microsoft.com/en-us/graph/utcm-exchange-resources#accepteddomain-resource-type","","","exchange","accepteddomain","microsoft.exchange.accepteddomain","2026-02-06T10:47:34Z"
"https://learn.microsoft.com/en-us/graph/utcm-exchange-resources#acceptedDomain-resource-type","","","exchange","acceptedDomain","microsoft.exchange.acceptedDomain","2026-02-06T10:47:34Z"
"https://learn.microsoft.com/en-us/graph/utcm-exchange-resources#activesyncdeviceaccessrule-resource-type","","","exchange","activesyncdeviceaccessrule","microsoft.exchange.activesyncdeviceaccessrule","2026-02-06T10:47:34Z"
"https://learn.microsoft.com/en-us/graph/utcm-exchange-resources#activeSyncDeviceAccessRule-resource-type","","","exchange","activeSyncDeviceAccessRule","microsoft.exchange.activeSyncDeviceAccessRule","2026-02-06T10:47:34Z"
"https://learn.microsoft.com/en-us/graph/utcm-exchange-resources#antiPhishPolicy-resource-type","","","exchange","antiPhishPolicy","microsoft.exchange.antiPhishPolicy","2026-02-06T10:47:34Z"
"https://learn.microsoft.com/en-us/graph/utcm-exchange-resources#antiphishpolicy-resource-type","","","exchange","antiphishpolicy","microsoft.exchange.antiphishpolicy","2026-02-06T10:47:34Z"
"https://learn.microsoft.com/en-us/graph/utcm-exchange-resources#antiphishrule-resource-type","","","exchange","antiphishrule","microsoft.exchange.antiphishrule","2026-02-06T10:47:34Z"
"https://learn.microsoft.com/en-us/graph/utcm-exchange-resources#antiPhishRule-resource-type","","","exchange","antiPhishRule","microsoft.exchange.antiPhishRule","2026-02-06T10:47:34Z"
"https://learn.microsoft.com/en-us/graph/utcm-exchange-resources#applicationAccessPolicy-resource-type","","","exchange","applicationAccessPolicy","microsoft.exchange.applicationAccessPolicy","2026-02-06T10:47:34Z"
"https://learn.microsoft.com/en-us/graph/utcm-exchange-resources#applicationaccesspolicy-resource-type","","","exchange","applicationaccesspolicy","microsoft.exchange.applicationaccesspolicy","2026-02-06T10:47:34Z"
"https://learn.microsoft.com/en-us/graph/utcm-exchange-resources#atpPolicyForO365-resource-type","","","exchange","atpPolicyForO365","microsoft.exchange.atpPolicyForO365","2026-02-06T10:47:34Z"
"https://learn.microsoft.com/en-us/graph/utcm-exchange-resources#atppolicyforo365-resource-type","","","exchange","atppolicyforo365","microsoft.exchange.atppolicyforo365","2026-02-06T10:47:34Z"
"https://learn.microsoft.com/en-us/graph/utcm-exchange-resources#authenticationPolicy-resource-type","","","exchange","authenticationPolicy","microsoft.exchange.authenticationPolicy","2026-02-06T10:47:34Z"
"https://learn.microsoft.com/en-us/graph/utcm-exchange-resources#authenticationpolicy-resource-type","","","exchange","authenticationpolicy","microsoft.exchange.authenticationpolicy","2026-02-06T10:47:34Z"
"https://learn.microsoft.com/en-us/graph/utcm-exchange-resources#authenticationPolicyAssignment-resource-type","","","exchange","authenticationPolicyAssignment","microsoft.exchange.authenticationPolicyAssignment","2026-02-06T10:47:34Z"
"https://learn.microsoft.com/en-us/graph/utcm-exchange-resources#authenticationpolicyassignment-resource-type","","","exchange","authenticationpolicyassignment","microsoft.exchange.authenticationpolicyassignment","2026-02-06T10:47:34Z"
"https://learn.microsoft.com/en-us/graph/utcm-exchange-resources#availabilityaddressspace-resource-type","","","exchange","availabilityaddressspace","microsoft.exchange.availabilityaddressspace","2026-02-06T10:47:34Z"
"https://learn.microsoft.com/en-us/graph/utcm-exchange-resources#availabilityAddressSpace-resource-type","","","exchange","availabilityAddressSpace","microsoft.exchange.availabilityAddressSpace","2026-02-06T10:47:34Z"
"https://learn.microsoft.com/en-us/graph/utcm-exchange-resources#availabilityConfig-resource-type","","","exchange","availabilityConfig","microsoft.exchange.availabilityConfig","2026-02-06T10:47:34Z"
"https://learn.microsoft.com/en-us/graph/utcm-exchange-resources#availabilityconfig-resource-type","","","exchange","availabilityconfig","microsoft.exchange.availabilityconfig","2026-02-06T10:47:34Z"
"https://learn.microsoft.com/en-us/graph/utcm-exchange-resources#calendarProcessing-resource-type","","","exchange","calendarProcessing","microsoft.exchange.calendarProcessing","2026-02-06T10:47:34Z"
"https://learn.microsoft.com/en-us/graph/utcm-exchange-resources#calendarprocessing-resource-type","","","exchange","calendarprocessing","microsoft.exchange.calendarprocessing","2026-02-06T10:47:34Z"
"https://learn.microsoft.com/en-us/graph/utcm-exchange-resources#casmailboxplan-resource-type","","","exchange","casmailboxplan","microsoft.exchange.casmailboxplan","2026-02-06T10:47:34Z"
"https://learn.microsoft.com/en-us/graph/utcm-exchange-resources#casMailboxPlan-resource-type","","","exchange","casMailboxPlan","microsoft.exchange.casMailboxPlan","2026-02-06T10:47:34Z"
"https://learn.microsoft.com/en-us/graph/utcm-exchange-resources#casmailboxsettings-resource-type","","","exchange","casmailboxsettings","microsoft.exchange.casmailboxsettings","2026-02-06T10:47:34Z"
"https://learn.microsoft.com/en-us/graph/utcm-exchange-resources#casMailboxSettings-resource-type","","","exchange","casMailboxSettings","microsoft.exchange.casMailboxSettings","2026-02-06T10:47:34Z"
"https://learn.microsoft.com/en-us/graph/utcm-exchange-resources#dataClassification-resource-type","","","exchange","dataClassification","microsoft.exchange.dataClassification","2026-02-06T10:47:34Z"
"https://learn.microsoft.com/en-us/graph/utcm-exchange-resources#dataclassification-resource-type","","","exchange","dataclassification","microsoft.exchange.dataclassification","2026-02-06T10:47:34Z"
"https://learn.microsoft.com/en-us/graph/utcm-exchange-resources#dataencryptionpolicy-resource-type","","","exchange","dataencryptionpolicy","microsoft.exchange.dataencryptionpolicy","2026-02-06T10:47:34Z"
"https://learn.microsoft.com/en-us/graph/utcm-exchange-resources#dataEncryptionPolicy-resource-type","","","exchange","dataEncryptionPolicy","microsoft.exchange.dataEncryptionPolicy","2026-02-06T10:47:34Z"
"https://learn.microsoft.com/en-us/graph/utcm-exchange-resources#distributiongroup-resource-type","","","exchange","distributiongroup","microsoft.exchange.distributiongroup","2026-02-06T10:47:34Z"
"https://learn.microsoft.com/en-us/graph/utcm-exchange-resources#distributionGroup-resource-type","","","exchange","distributionGroup","microsoft.exchange.distributionGroup","2026-02-06T10:47:34Z"
"https://learn.microsoft.com/en-us/graph/utcm-exchange-resources#dkimSigningConfig-resource-type","","","exchange","dkimSigningConfig","microsoft.exchange.dkimSigningConfig","2026-02-06T10:47:34Z"
"https://learn.microsoft.com/en-us/graph/utcm-exchange-resources#dkimsigningconfig-resource-type","","","exchange","dkimsigningconfig","microsoft.exchange.dkimsigningconfig","2026-02-06T10:47:34Z"
"https://learn.microsoft.com/en-us/graph/utcm-exchange-resources#emailAddressPolicy-resource-type","","","exchange","emailAddressPolicy","microsoft.exchange.emailAddressPolicy","2026-02-06T10:47:34Z"
"https://learn.microsoft.com/en-us/graph/utcm-exchange-resources#emailaddresspolicy-resource-type","","","exchange","emailaddresspolicy","microsoft.exchange.emailaddresspolicy","2026-02-06T10:47:34Z"
"https://learn.microsoft.com/en-us/graph/utcm-exchange-resources#groupSettings-resource-type","","","exchange","groupSettings","microsoft.exchange.groupSettings","2026-02-06T10:47:34Z"
"https://learn.microsoft.com/en-us/graph/utcm-exchange-resources#groupsettings-resource-type","","","exchange","groupsettings","microsoft.exchange.groupsettings","2026-02-06T10:47:34Z"
"https://learn.microsoft.com/en-us/graph/utcm-exchange-resources#hostedConnectionFilterPolicy-resource-type","","","exchange","hostedConnectionFilterPolicy","microsoft.exchange.hostedConnectionFilterPolicy","2026-02-06T10:47:34Z"
"https://learn.microsoft.com/en-us/graph/utcm-exchange-resources#hostedconnectionfilterpolicy-resource-type","","","exchange","hostedconnectionfilterpolicy","microsoft.exchange.hostedconnectionfilterpolicy","2026-02-06T10:47:34Z"
"https://learn.microsoft.com/en-us/graph/utcm-exchange-resources#hostedcontentfilterpolicy-resource-type","","","exchange","hostedcontentfilterpolicy","microsoft.exchange.hostedcontentfilterpolicy","2026-02-06T10:47:34Z"
"https://learn.microsoft.com/en-us/graph/utcm-exchange-resources#hostedContentFilterPolicy-resource-type","","","exchange","hostedContentFilterPolicy","microsoft.exchange.hostedContentFilterPolicy","2026-02-06T10:47:34Z"
"https://learn.microsoft.com/en-us/graph/utcm-exchange-resources#hostedContentFilterRule-resource-type","","","exchange","hostedContentFilterRule","microsoft.exchange.hostedContentFilterRule","2026-02-06T10:47:34Z"
"https://learn.microsoft.com/en-us/graph/utcm-exchange-resources#hostedcontentfilterrule-resource-type","","","exchange","hostedcontentfilterrule","microsoft.exchange.hostedcontentfilterrule","2026-02-06T10:47:34Z"
"https://learn.microsoft.com/en-us/graph/utcm-exchange-resources#hostedOutboundSpamFilterPolicy-resource-type","","","exchange","hostedOutboundSpamFilterPolicy","microsoft.exchange.hostedOutboundSpamFilterPolicy","2026-02-06T10:47:34Z"
"https://learn.microsoft.com/en-us/graph/utcm-exchange-resources#hostedoutboundspamfilterpolicy-resource-type","","","exchange","hostedoutboundspamfilterpolicy","microsoft.exchange.hostedoutboundspamfilterpolicy","2026-02-06T10:47:34Z"
"https://learn.microsoft.com/en-us/graph/utcm-exchange-resources#hostedOutboundSpamFilterRule-resource-type","","","exchange","hostedOutboundSpamFilterRule","microsoft.exchange.hostedOutboundSpamFilterRule","2026-02-06T10:47:34Z"
"https://learn.microsoft.com/en-us/graph/utcm-exchange-resources#hostedoutboundspamfilterrule-resource-type","","","exchange","hostedoutboundspamfilterrule","microsoft.exchange.hostedoutboundspamfilterrule","2026-02-06T10:47:34Z"
"https://learn.microsoft.com/en-us/graph/utcm-exchange-resources#inboundConnector-resource-type","","","exchange","inboundConnector","microsoft.exchange.inboundConnector","2026-02-06T10:47:34Z"
"https://learn.microsoft.com/en-us/graph/utcm-exchange-resources#inboundconnector-resource-type","","","exchange","inboundconnector","microsoft.exchange.inboundconnector","2026-02-06T10:47:34Z"
"https://learn.microsoft.com/en-us/graph/utcm-exchange-resources#intraOrganizationConnector-resource-type","","","exchange","intraOrganizationConnector","microsoft.exchange.intraOrganizationConnector","2026-02-06T10:47:34Z"
"https://learn.microsoft.com/en-us/graph/utcm-exchange-resources#intraorganizationconnector-resource-type","","","exchange","intraorganizationconnector","microsoft.exchange.intraorganizationconnector","2026-02-06T10:47:34Z"
"https://learn.microsoft.com/en-us/graph/utcm-exchange-resources#irmconfiguration-resource-type","","","exchange","irmconfiguration","microsoft.exchange.irmconfiguration","2026-02-06T10:47:34Z"
"https://learn.microsoft.com/en-us/graph/utcm-exchange-resources#irmConfiguration-resource-type","","","exchange","irmConfiguration","microsoft.exchange.irmConfiguration","2026-02-06T10:47:34Z"
"https://learn.microsoft.com/en-us/graph/utcm-exchange-resources#journalRule-resource-type","","","exchange","journalRule","microsoft.exchange.journalRule","2026-02-06T10:47:34Z"
"https://learn.microsoft.com/en-us/graph/utcm-exchange-resources#journalrule-resource-type","","","exchange","journalrule","microsoft.exchange.journalrule","2026-02-06T10:47:34Z"
"https://learn.microsoft.com/en-us/graph/utcm-exchange-resources#mailboxAutoReplyConfiguration-resource-type","","","exchange","mailboxAutoReplyConfiguration","microsoft.exchange.mailboxAutoReplyConfiguration","2026-02-06T10:47:34Z"
"https://learn.microsoft.com/en-us/graph/utcm-exchange-resources#mailboxautoreplyconfiguration-resource-type","","","exchange","mailboxautoreplyconfiguration","microsoft.exchange.mailboxautoreplyconfiguration","2026-02-06T10:47:34Z"
"https://learn.microsoft.com/en-us/graph/utcm-exchange-resources#mailboxCalendarFolder-resource-type","","","exchange","mailboxCalendarFolder","microsoft.exchange.mailboxCalendarFolder","2026-02-06T10:47:34Z"
"https://learn.microsoft.com/en-us/graph/utcm-exchange-resources#mailboxcalendarfolder-resource-type","","","exchange","mailboxcalendarfolder","microsoft.exchange.mailboxcalendarfolder","2026-02-06T10:47:34Z"
"https://learn.microsoft.com/en-us/graph/utcm-exchange-resources#mailboxpermission-resource-type","","","exchange","mailboxpermission","microsoft.exchange.mailboxpermission","2026-02-06T10:47:34Z"
"https://learn.microsoft.com/en-us/graph/utcm-exchange-resources#mailboxPermission-resource-type","","","exchange","mailboxPermission","microsoft.exchange.mailboxPermission","2026-02-06T10:47:34Z"
"https://learn.microsoft.com/en-us/graph/utcm-exchange-resources#mailboxPlan-resource-type","","","exchange","mailboxPlan","microsoft.exchange.mailboxPlan","2026-02-06T10:47:34Z"
"https://learn.microsoft.com/en-us/graph/utcm-exchange-resources#mailboxplan-resource-type","","","exchange","mailboxplan","microsoft.exchange.mailboxplan","2026-02-06T10:47:34Z"
"https://learn.microsoft.com/en-us/graph/utcm-exchange-resources#mailboxSettings-resource-type","","","exchange","mailboxSettings","microsoft.exchange.mailboxSettings","2026-02-06T10:47:34Z"
"https://learn.microsoft.com/en-us/graph/utcm-exchange-resources#mailboxsettings-resource-type","","","exchange","mailboxsettings","microsoft.exchange.mailboxsettings","2026-02-06T10:47:34Z"
"https://learn.microsoft.com/en-us/graph/utcm-exchange-resources#mailContact-resource-type","","","exchange","mailContact","microsoft.exchange.mailContact","2026-02-06T10:47:34Z"
"https://learn.microsoft.com/en-us/graph/utcm-exchange-resources#mailcontact-resource-type","","","exchange","mailcontact","microsoft.exchange.mailcontact","2026-02-06T10:47:34Z"
"https://learn.microsoft.com/en-us/graph/utcm-exchange-resources#mailTips-resource-type","","","exchange","mailTips","microsoft.exchange.mailTips","2026-02-06T10:47:34Z"
"https://learn.microsoft.com/en-us/graph/utcm-exchange-resources#mailtips-resource-type","","","exchange","mailtips","microsoft.exchange.mailtips","2026-02-06T10:47:34Z"
"https://learn.microsoft.com/en-us/graph/utcm-exchange-resources#malwareFilterPolicy-resource-type","","","exchange","malwareFilterPolicy","microsoft.exchange.malwareFilterPolicy","2026-02-06T10:47:34Z"
"https://learn.microsoft.com/en-us/graph/utcm-exchange-resources#malwarefilterpolicy-resource-type","","","exchange","malwarefilterpolicy","microsoft.exchange.malwarefilterpolicy","2026-02-06T10:47:34Z"
"https://learn.microsoft.com/en-us/graph/utcm-exchange-resources#malwarefilterrule-resource-type","","","exchange","malwarefilterrule","microsoft.exchange.malwarefilterrule","2026-02-06T10:47:34Z"
"https://learn.microsoft.com/en-us/graph/utcm-exchange-resources#malwareFilterRule-resource-type","","","exchange","malwareFilterRule","microsoft.exchange.malwareFilterRule","2026-02-06T10:47:34Z"
"https://learn.microsoft.com/en-us/graph/utcm-exchange-resources#managementrole-resource-type","","","exchange","managementrole","microsoft.exchange.managementrole","2026-02-06T10:47:34Z"
"https://learn.microsoft.com/en-us/graph/utcm-exchange-resources#managementRole-resource-type","","","exchange","managementRole","microsoft.exchange.managementRole","2026-02-06T10:47:34Z"
"https://learn.microsoft.com/en-us/graph/utcm-exchange-resources#managementRoleAssignment-resource-type","","","exchange","managementRoleAssignment","microsoft.exchange.managementRoleAssignment","2026-02-06T10:47:34Z"
"https://learn.microsoft.com/en-us/graph/utcm-exchange-resources#managementroleassignment-resource-type","","","exchange","managementroleassignment","microsoft.exchange.managementroleassignment","2026-02-06T10:47:34Z"
"https://learn.microsoft.com/en-us/graph/utcm-exchange-resources#messageclassification-resource-type","","","exchange","messageclassification","microsoft.exchange.messageclassification","2026-02-06T10:47:34Z"
"https://learn.microsoft.com/en-us/graph/utcm-exchange-resources#messageClassification-resource-type","","","exchange","messageClassification","microsoft.exchange.messageClassification","2026-02-06T10:47:34Z"
"https://learn.microsoft.com/en-us/graph/utcm-exchange-resources#mobiledevicemailboxpolicy-resource-type","","","exchange","mobiledevicemailboxpolicy","microsoft.exchange.mobiledevicemailboxpolicy","2026-02-06T10:47:34Z"
"https://learn.microsoft.com/en-us/graph/utcm-exchange-resources#mobileDeviceMailboxPolicy-resource-type","","","exchange","mobileDeviceMailboxPolicy","microsoft.exchange.mobileDeviceMailboxPolicy","2026-02-06T10:47:34Z"
"https://learn.microsoft.com/en-us/graph/utcm-exchange-resources#omeconfiguration-resource-type","","","exchange","omeconfiguration","microsoft.exchange.omeconfiguration","2026-02-06T10:47:34Z"
"https://learn.microsoft.com/en-us/graph/utcm-exchange-resources#omeConfiguration-resource-type","","","exchange","omeConfiguration","microsoft.exchange.omeConfiguration","2026-02-06T10:47:34Z"
"https://learn.microsoft.com/en-us/graph/utcm-exchange-resources#onPremisesOrganization-resource-type","","","exchange","onPremisesOrganization","microsoft.exchange.onPremisesOrganization","2026-02-06T10:47:34Z"
"https://learn.microsoft.com/en-us/graph/utcm-exchange-resources#onpremisesorganization-resource-type","","","exchange","onpremisesorganization","microsoft.exchange.onpremisesorganization","2026-02-06T10:47:34Z"
"https://learn.microsoft.com/en-us/graph/utcm-exchange-resources#organizationconfig-resource-type","","","exchange","organizationconfig","microsoft.exchange.organizationconfig","2026-02-06T10:47:34Z"
"https://learn.microsoft.com/en-us/graph/utcm-exchange-resources#organizationConfig-resource-type","","","exchange","organizationConfig","microsoft.exchange.organizationConfig","2026-02-06T10:47:34Z"
"https://learn.microsoft.com/en-us/graph/utcm-exchange-resources#organizationrelationship-resource-type","","","exchange","organizationrelationship","microsoft.exchange.organizationrelationship","2026-02-06T10:47:34Z"
"https://learn.microsoft.com/en-us/graph/utcm-exchange-resources#organizationRelationship-resource-type","","","exchange","organizationRelationship","microsoft.exchange.organizationRelationship","2026-02-06T10:47:34Z"
"https://learn.microsoft.com/en-us/graph/utcm-exchange-resources#outboundconnector-resource-type","","","exchange","outboundconnector","microsoft.exchange.outboundconnector","2026-02-06T10:47:34Z"
"https://learn.microsoft.com/en-us/graph/utcm-exchange-resources#outboundConnector-resource-type","","","exchange","outboundConnector","microsoft.exchange.outboundConnector","2026-02-06T10:47:34Z"
"https://learn.microsoft.com/en-us/graph/utcm-exchange-resources#owamailboxpolicy-resource-type","","","exchange","owamailboxpolicy","microsoft.exchange.owamailboxpolicy","2026-02-06T10:47:34Z"
"https://learn.microsoft.com/en-us/graph/utcm-exchange-resources#owaMailboxPolicy-resource-type","","","exchange","owaMailboxPolicy","microsoft.exchange.owaMailboxPolicy","2026-02-06T10:47:34Z"
"https://learn.microsoft.com/en-us/graph/utcm-exchange-resources#partnerapplication-resource-type","","","exchange","partnerapplication","microsoft.exchange.partnerapplication","2026-02-06T10:47:34Z"
"https://learn.microsoft.com/en-us/graph/utcm-exchange-resources#partnerApplication-resource-type","","","exchange","partnerApplication","microsoft.exchange.partnerApplication","2026-02-06T10:47:34Z"
"https://learn.microsoft.com/en-us/graph/utcm-exchange-resources#perimeterConfiguration-resource-type","","","exchange","perimeterConfiguration","microsoft.exchange.perimeterConfiguration","2026-02-06T10:47:34Z"
"https://learn.microsoft.com/en-us/graph/utcm-exchange-resources#perimeterconfiguration-resource-type","","","exchange","perimeterconfiguration","microsoft.exchange.perimeterconfiguration","2026-02-06T10:47:34Z"
"https://learn.microsoft.com/en-us/graph/utcm-exchange-resources#place-resource-type","","","exchange","place","microsoft.exchange.place","2026-02-06T10:47:34Z"
"https://learn.microsoft.com/en-us/graph/utcm-exchange-resources#policyTipConfig-resource-type","","","exchange","policyTipConfig","microsoft.exchange.policyTipConfig","2026-02-06T10:47:34Z"
"https://learn.microsoft.com/en-us/graph/utcm-exchange-resources#policytipconfig-resource-type","","","exchange","policytipconfig","microsoft.exchange.policytipconfig","2026-02-06T10:47:34Z"
"https://learn.microsoft.com/en-us/graph/utcm-exchange-resources#quarantinePolicy-resource-type","","","exchange","quarantinePolicy","microsoft.exchange.quarantinePolicy","2026-02-06T10:47:34Z"
"https://learn.microsoft.com/en-us/graph/utcm-exchange-resources#quarantinepolicy-resource-type","","","exchange","quarantinepolicy","microsoft.exchange.quarantinepolicy","2026-02-06T10:47:34Z"
"https://learn.microsoft.com/en-us/graph/utcm-exchange-resources#recipientPermission-resource-type","","","exchange","recipientPermission","microsoft.exchange.recipientPermission","2026-02-06T10:47:34Z"
"https://learn.microsoft.com/en-us/graph/utcm-exchange-resources#recipientpermission-resource-type","","","exchange","recipientpermission","microsoft.exchange.recipientpermission","2026-02-06T10:47:34Z"
"https://learn.microsoft.com/en-us/graph/utcm-exchange-resources#remotedomain-resource-type","","","exchange","remotedomain","microsoft.exchange.remotedomain","2026-02-06T10:47:34Z"
"https://learn.microsoft.com/en-us/graph/utcm-exchange-resources#remoteDomain-resource-type","","","exchange","remoteDomain","microsoft.exchange.remoteDomain","2026-02-06T10:47:34Z"
"https://learn.microsoft.com/en-us/graph/utcm-exchange-resources#reportSubmissionPolicy-resource-type","","","exchange","reportSubmissionPolicy","microsoft.exchange.reportSubmissionPolicy","2026-02-06T10:47:34Z"
"https://learn.microsoft.com/en-us/graph/utcm-exchange-resources#reportsubmissionpolicy-resource-type","","","exchange","reportsubmissionpolicy","microsoft.exchange.reportsubmissionpolicy","2026-02-06T10:47:34Z"
"https://learn.microsoft.com/en-us/graph/utcm-exchange-resources#reportSubmissionRule-resource-type","","","exchange","reportSubmissionRule","microsoft.exchange.reportSubmissionRule","2026-02-06T10:47:34Z"
"https://learn.microsoft.com/en-us/graph/utcm-exchange-resources#reportsubmissionrule-resource-type","","","exchange","reportsubmissionrule","microsoft.exchange.reportsubmissionrule","2026-02-06T10:47:34Z"
"https://learn.microsoft.com/en-us/graph/utcm-exchange-resources#resourceConfiguration-resource-type","","","exchange","resourceConfiguration","microsoft.exchange.resourceConfiguration","2026-02-06T10:47:34Z"
"https://learn.microsoft.com/en-us/graph/utcm-exchange-resources#resourceconfiguration-resource-type","","","exchange","resourceconfiguration","microsoft.exchange.resourceconfiguration","2026-02-06T10:47:34Z"
"https://learn.microsoft.com/en-us/graph/utcm-exchange-resources#roleAssignmentPolicy-resource-type","","","exchange","roleAssignmentPolicy","microsoft.exchange.roleAssignmentPolicy","2026-02-06T10:47:34Z"
"https://learn.microsoft.com/en-us/graph/utcm-exchange-resources#roleassignmentpolicy-resource-type","","","exchange","roleassignmentpolicy","microsoft.exchange.roleassignmentpolicy","2026-02-06T10:47:34Z"
"https://learn.microsoft.com/en-us/graph/utcm-exchange-resources#roleGroup-resource-type","","","exchange","roleGroup","microsoft.exchange.roleGroup","2026-02-06T10:47:34Z"
"https://learn.microsoft.com/en-us/graph/utcm-exchange-resources#rolegroup-resource-type","","","exchange","rolegroup","microsoft.exchange.rolegroup","2026-02-06T10:47:34Z"
"https://learn.microsoft.com/en-us/graph/utcm-exchange-resources#safeAttachmentPolicy-resource-type","","","exchange","safeAttachmentPolicy","microsoft.exchange.safeAttachmentPolicy","2026-02-06T10:47:34Z"
"https://learn.microsoft.com/en-us/graph/utcm-exchange-resources#safeattachmentpolicy-resource-type","","","exchange","safeattachmentpolicy","microsoft.exchange.safeattachmentpolicy","2026-02-06T10:47:34Z"
"https://learn.microsoft.com/en-us/graph/utcm-exchange-resources#safeAttachmentRule-resource-type","","","exchange","safeAttachmentRule","microsoft.exchange.safeAttachmentRule","2026-02-06T10:47:34Z"
"https://learn.microsoft.com/en-us/graph/utcm-exchange-resources#safeattachmentrule-resource-type","","","exchange","safeattachmentrule","microsoft.exchange.safeattachmentrule","2026-02-06T10:47:34Z"
"https://learn.microsoft.com/en-us/graph/utcm-exchange-resources#safelinkspolicy-resource-type","","","exchange","safelinkspolicy","microsoft.exchange.safelinkspolicy","2026-02-06T10:47:34Z"
"https://learn.microsoft.com/en-us/graph/utcm-exchange-resources#safeLinksPolicy-resource-type","","","exchange","safeLinksPolicy","microsoft.exchange.safeLinksPolicy","2026-02-06T10:47:34Z"
"https://learn.microsoft.com/en-us/graph/utcm-exchange-resources#safeLinksRule-resource-type","","","exchange","safeLinksRule","microsoft.exchange.safeLinksRule","2026-02-06T10:47:34Z"
"https://learn.microsoft.com/en-us/graph/utcm-exchange-resources#safelinksrule-resource-type","","","exchange","safelinksrule","microsoft.exchange.safelinksrule","2026-02-06T10:47:34Z"
"https://learn.microsoft.com/en-us/graph/utcm-exchange-resources#sharedMailbox-resource-type","","","exchange","sharedMailbox","microsoft.exchange.sharedMailbox","2026-02-06T10:47:34Z"
"https://learn.microsoft.com/en-us/graph/utcm-exchange-resources#sharedmailbox-resource-type","","","exchange","sharedmailbox","microsoft.exchange.sharedmailbox","2026-02-06T10:47:34Z"
"https://learn.microsoft.com/en-us/graph/utcm-exchange-resources#sharingPolicy-resource-type","","","exchange","sharingPolicy","microsoft.exchange.sharingPolicy","2026-02-06T10:47:34Z"
"https://learn.microsoft.com/en-us/graph/utcm-exchange-resources#sharingpolicy-resource-type","","","exchange","sharingpolicy","microsoft.exchange.sharingpolicy","2026-02-06T10:47:34Z"
"https://learn.microsoft.com/en-us/graph/utcm-exchange-resources#transportConfig-resource-type","","","exchange","transportConfig","microsoft.exchange.transportConfig","2026-02-06T10:47:34Z"
"https://learn.microsoft.com/en-us/graph/utcm-exchange-resources#transportconfig-resource-type","","","exchange","transportconfig","microsoft.exchange.transportconfig","2026-02-06T10:47:34Z"
"https://learn.microsoft.com/en-us/graph/utcm-exchange-resources#transportrule-resource-type","","","exchange","transportrule","microsoft.exchange.transportrule","2026-02-06T10:47:34Z"
"https://learn.microsoft.com/en-us/graph/utcm-exchange-resources#transportRule-resource-type","","","exchange","transportRule","microsoft.exchange.transportRule","2026-02-06T10:47:34Z"
